{
  "tasks": [
    "bear30",
    "bottle100",
    "bottle30",
    "bottle30s1",
    "duck30",
    "hat30"
  ],
  "delta_w_fro_norm": {
    "bear30": 27.994426175891192,
    "bottle100": 27.036443243974354,
    "bottle30": 27.162617686606005,
    "bottle30s1": 27.06247073154664,
    "duck30": 27.421942839605286,
    "hat30": 27.873244861314003
  },
  "cosine_full": [
    [
      1.0,
      0.6116912311700636,
      0.6109745777514599,
      0.004419548300419923,
      0.6357137403693638,
      0.6224178567667579
    ],
    [
      0.6116912311700636,
      1.0,
      0.7161553482232562,
      0.017162435337283406,
      0.6250032475329607,
      0.6108366090226144
    ],
    [
      0.6109745777514599,
      0.7161553482232562,
      1.0000000000000002,
      0.03465992982164139,
      0.6248307938843121,
      0.610327804809268
    ],
    [
      0.004419548300419923,
      0.017162435337283406,
      0.03465992982164139,
      1.0,
      0.005325431315499844,
      0.003951527497147997
    ],
    [
      0.6357137403693638,
      0.6250032475329607,
      0.6248307938843121,
      0.005325431315499844,
      0.9999999999999999,
      0.6224411849170082
    ],
    [
      0.6224178567667579,
      0.6108366090226144,
      0.610327804809268,
      0.003951527497147997,
      0.6224411849170082,
      1.0
    ]
  ],
  "cosine_vlm": [
    [
      0.9999999999999998,
      0.5822108599312931,
      0.5835827734600988,
      0.0012555852368540351,
      0.6074292142338683,
      0.5955136392675962
    ],
    [
      0.5822108599312931,
      1.0000000000000002,
      0.6875321221932467,
      0.012840066030884372,
      0.5936533471122483,
      0.5813221818425931
    ],
    [
      0.5835827734600988,
      0.6875321221932467,
      1.0000000000000002,
      0.029948832906299457,
      0.5949167628837368,
      0.5828046475183501
    ],
    [
      0.0012555852368540351,
      0.012840066030884372,
      0.029948832906299457,
      1.0,
      0.0015688254238534715,
      0.0012517131701882244
    ],
    [
      0.6074292142338683,
      0.5936533471122483,
      0.5949167628837368,
      0.0015688254238534715,
      1.0,
      0.5957434985594556
    ],
    [
      0.5955136392675962,
      0.5813221818425931,
      0.5828046475183501,
      0.0012517131701882244,
      0.5957434985594556,
      1.0
    ]
  ],
  "cosine_action": [
    [
      0.9999999999999998,
      0.7433953312545966,
      0.7295759089631589,
      0.01795770794100768,
      0.755624069197266,
      0.7365535393283511
    ],
    [
      0.7433953312545966,
      1.0,
      0.8469407662377563,
      0.03668473533615596,
      0.7657776501704312,
      0.7434602994922016
    ],
    [
      0.7295759089631589,
      0.8469407662377563,
      1.0,
      0.055355905102515486,
      0.7551146676384525,
      0.7302763469645852
    ],
    [
      0.01795770794100768,
      0.03668473533615596,
      0.055355905102515486,
      1.0,
      0.021504725161942535,
      0.015586916630212827
    ],
    [
      0.755624069197266,
      0.7657776501704312,
      0.7551146676384525,
      0.021504725161942535,
      1.0,
      0.7364321702350703
    ],
    [
      0.7365535393283511,
      0.7434602994922016,
      0.7302763469645852,
      0.015586916630212827,
      0.7364321702350703,
      0.9999999999999998
    ]
  ],
  "cosine_attn": [
    [
      0.9999999999999999,
      0.6961226490820105,
      0.6884679982979951,
      0.024557388231131315,
      0.7192271260202864,
      0.7025242521388472
    ],
    [
      0.6961226490820105,
      1.0,
      0.7902303726312077,
      0.05394337972289269,
      0.7166045964672673,
      0.6993647164288068
    ],
    [
      0.6884679982979951,
      0.7902303726312077,
      1.0000000000000002,
      0.07898990366523717,
      0.7121297598176354,
      0.6923567526688442
    ],
    [
      0.024557388231131315,
      0.05394337972289269,
      0.07898990366523717,
      1.0,
      0.030478703855129265,
      0.021935976798714965
    ],
    [
      0.7192271260202864,
      0.7166045964672673,
      0.7121297598176354,
      0.030478703855129265,
      1.0,
      0.7073569918094014
    ],
    [
      0.7025242521388472,
      0.6993647164288068,
      0.6923567526688442,
      0.021935976798714965,
      0.7073569918094014,
      1.0000000000000002
    ]
  ],
  "cosine_ffn": [
    [
      1.0,
      0.6013457470454225,
      0.6013813390784163,
      0.0019088031760808458,
      0.62548463514911,
      0.6126419188146393
    ],
    [
      0.6013457470454225,
      0.9999999999999998,
      0.7070337535840122,
      0.01259949539853697,
      0.6138377675772854,
      0.6000838073059577
    ],
    [
      0.6013813390784163,
      0.7070337535840122,
      1.0,
      0.02910342605319663,
      0.6140837047525062,
      0.6002676934918857
    ],
    [
      0.0019088031760808458,
      0.01259949539853697,
      0.02910342605319663,
      1.0,
      0.0022060199711608883,
      0.0017289667258162745
    ],
    [
      0.62548463514911,
      0.6138377675772854,
      0.6140837047525062,
      0.0022060199711608883,
      0.9999999999999998,
      0.6121308303436971
    ],
    [
      0.6126419188146393,
      0.6000838073059577,
      0.6002676934918857,
      0.0017289667258162745,
      0.6121308303436971,
      1.0000000000000002
    ]
  ],
  "shared_skill_alignment": {
    "bear30": 0.8056970492649916,
    "bottle100": 0.8278048130838805,
    "bottle30": 0.8315266435614483,
    "bottle30s1": 0.24632194281398145,
    "duck30": 0.8121924920870842,
    "hat30": 0.8021734777058355
  },
  "same_task_pairs": [
    [
      "bottle100",
      "bottle30",
      0.7161553482232562
    ],
    [
      "bottle100",
      "bottle30s1",
      0.017162435337283406
    ],
    [
      "bottle30",
      "bottle30s1",
      0.03465992982164139
    ]
  ],
  "cross_task_pairs": [
    [
      "bear30",
      "bottle100",
      0.6116912311700636
    ],
    [
      "bear30",
      "bottle30",
      0.6109745777514599
    ],
    [
      "bear30",
      "bottle30s1",
      0.004419548300419923
    ],
    [
      "bear30",
      "duck30",
      0.6357137403693638
    ],
    [
      "bear30",
      "hat30",
      0.6224178567667579
    ],
    [
      "bottle100",
      "duck30",
      0.6250032475329607
    ],
    [
      "bottle100",
      "hat30",
      0.6108366090226144
    ],
    [
      "bottle30",
      "duck30",
      0.6248307938843121
    ],
    [
      "bottle30",
      "hat30",
      0.610327804809268
    ],
    [
      "bottle30s1",
      "duck30",
      0.005325431315499844
    ],
    [
      "bottle30s1",
      "hat30",
      0.003951527497147997
    ],
    [
      "duck30",
      "hat30",
      0.6224411849170082
    ]
  ],
  "same_task_cosine_ceiling": 0.25599257112739365,
  "cross_task_cosine_mean": 0.4656611294447397,
  "skill_analogies": {
    "(bottle30-bear30) \u00b7 (duck30-hat30)": 0.0016718551886293267,
    "(bottle30-duck30) \u00b7 (bear30-hat30)": -0.016999915828968964,
    "(bottle30-hat30) \u00b7 (bear30-duck30)": -0.018671933458817402
  },
  "n_sites": 10,
  "n_vlm": 5,
  "n_action": 5,
  "primary_set": [
    "bear30",
    "bottle30",
    "duck30",
    "hat30"
  ],
  "note": "n=4 distinct objects \u2192 material/size 'grouping' has no statistical power; we report pairwise cosines descriptively. Cross-task similarity is interpreted RELATIVE to the same-task/different-seed ceiling."
}