{
  "FFT-multiobj (full FT)": {
    "clean": 1.6844227265727576,
    "rmean": 2.1187244200332365,
    "combo": 1.9077389822584703,
    "pertask": {
      "bottle": 2.341258077816887,
      "bottle\u2192desk": 3.5290962052260006,
      "bear": 0.8363899610402651,
      "duck": 0.8136129165577612,
      "hat": 0.9017565077967759
    }
  },
  "GSE-multiobj (robust)": {
    "clean": 1.9441841054967455,
    "rmean": 2.4998906070050815,
    "combo": 2.2281287692484812,
    "pertask": {
      "bottle": 2.6559930524754667,
      "bottle\u2192desk": 3.714463981909954,
      "bear": 1.3086698300770456,
      "duck": 0.9709620299667058,
      "hat": 1.0708315085458986
    }
  },
  "LoRA (100-ep bottle)": {
    "clean": 11.396842550025875,
    "rmean": 11.65611055917311,
    "combo": 11.973457912880196,
    "pertask": {
      "bottle": 4.878551478288622,
      "bottle\u2192desk": 5.958009444608442,
      "bear": 21.481588400428162,
      "duck": 10.616486037980318,
      "hat": 14.049577033084816
    }
  },
  "Full FT (2-task bottle)": {
    "clean": 5.570856393205548,
    "rmean": 7.02589574345655,
    "combo": 8.4539209122473,
    "pertask": {
      "bottle": 0.7213232581969412,
      "bottle\u2192desk": 0.722437788544319,
      "bear": 11.87701310182302,
      "duck": 3.7559444322174795,
      "hat": 10.777566088862528
    }
  }
}