{
  "model": "fftbase_bear",
  "config": "pi05_farm_multiobject_fft",
  "checkpoint": "/home/nhweiss/farm-train/openpi/checkpoints/pi05_farm_multiobject_fft/farm_fft_multiobject_robust_406/lora_base",
  "repo_id": "NoahWeiss/farm_uf850_multiobject",
  "split": "held_out",
  "metric": "open_loop_teacher_forced",
  "ep_range": "329:349",
  "ep_lo": 329,
  "ep_hi": 349,
  "episodes_used": [
    329,
    330,
    331,
    332,
    334,
    335,
    336,
    337,
    338,
    339,
    340,
    341,
    342,
    343,
    344,
    345,
    346,
    347,
    348
  ],
  "fps": 30.0,
  "n_episodes": 19,
  "n_samples": 190,
  "horizon": 10,
  "lookahead_ms": 333.3333333333333,
  "mid_window": [
    0.25,
    0.75
  ],
  "seed": 0,
  "headline": "TRAIN-SET single-shot prediction: horizon-end MAE 0.92\u00b0, within 5\u00b0: 100%; first-step MAE 1.06\u00b0",
  "end_of_horizon": {
    "overall_joint_mae_rad": 0.015976157039403915,
    "overall_joint_mae_deg": 0.9153662919998169,
    "per_joint_mae_deg": [
      0.7576642036437988,
      0.6741054058074951,
      1.2170017957687378,
      1.1734507083892822,
      0.6995415687561035,
      0.9704346060752869
    ],
    "gripper_mae": 0.012019556015729904,
    "accuracy_within_deg": {
      "2.0": 0.9736842105263158,
      "5.0": 1.0,
      "10.0": 1.0
    },
    "gripper_accuracy_within_0.1": 0.9789473684210527
  },
  "horizon_step_curve_deg": [
    1.064284086227417,
    1.027909517288208,
    0.9940782785415649,
    0.9888954162597656,
    0.966757595539093,
    0.9581009745597839,
    0.9354395270347595,
    0.9341267347335815,
    0.9220088720321655,
    0.9153666496276855
  ],
  "horizon_step_perjoint_deg": [
    [
      0.832482099533081,
      0.7464378476142883,
      1.4758433103561401,
      1.405924916267395,
      0.8611436486244202,
      1.0638692378997803
    ],
    [
      0.7941361665725708,
      0.7272315621376038,
      1.453291654586792,
      1.3307236433029175,
      0.8245211243629456,
      1.037553310394287
    ],
    [
      0.7888255715370178,
      0.7136582732200623,
      1.4211992025375366,
      1.2414426803588867,
      0.800934910774231,
      0.9984099864959717
    ],
    [
      0.7917850613594055,
      0.7083016037940979,
      1.393145203590393,
      1.259421467781067,
      0.78754723072052,
      0.9931718707084656
    ],
    [
      0.7796009182929993,
      0.6989623308181763,
      1.3536975383758545,
      1.2770684957504272,
      0.7480484843254089,
      0.9431674480438232
    ],
    [
      0.7841829657554626,
      0.6896926164627075,
      1.3312296867370605,
      1.223810076713562,
      0.7308411598205566,
      0.9888495206832886
    ],
    [
      0.7768904566764832,
      0.6762310862541199,
      1.290249228477478,
      1.183713436126709,
      0.7246362566947937,
      0.9609158039093018
    ],
    [
      0.7751827239990234,
      0.6687013506889343,
      1.268734335899353,
      1.2102000713348389,
      0.705349862575531,
      0.976591944694519
    ],
    [
      0.7691459059715271,
      0.6863780617713928,
      1.2471866607666016,
      1.1628563404083252,
      0.7060367465019226,
      0.960448682308197
    ],
    [
      0.7576642036437988,
      0.6741054058074951,
      1.2170017957687378,
      1.1734507083892822,
      0.6995415687561035,
      0.9704346060752869
    ]
  ],
  "context": {
    "first_step_mae_deg": 1.0642836093902588,
    "chunk_mean_mae_deg": 0.9706966280937195
  },
  "per_task_end_mae_deg": {
    "Pick up the stuffed bear and place it on the box": 0.9153664291206749
  },
  "per_task_acc_within_5deg": {
    "Pick up the stuffed bear and place it on the box": 1.0
  },
  "rollouts": [],
  "latency_ms": {
    "first_ms": 12822.26331694983,
    "median_ms": 46.84767499566078,
    "mean_ms": 47.31882181358598,
    "p90_ms": 48.91500100493431
  },
  "raw_npz": "cmp-fftbase_bear.npz"
}