{
  "model": "fftbase_bottle",
  "config": "pi05_farm_multiobject_fft",
  "checkpoint": "/home/nhweiss/farm-train/openpi/checkpoints/pi05_farm_multiobject_fft/farm_fft_multiobject_robust_406/lora_base",
  "repo_id": "NoahWeiss/farm_uf850_multiobject",
  "split": "held_out",
  "metric": "open_loop_teacher_forced",
  "ep_range": "100:299",
  "ep_lo": 100,
  "ep_hi": 299,
  "episodes_used": [
    100,
    105,
    106,
    110,
    113,
    117,
    135,
    136,
    139,
    141,
    154,
    165,
    168,
    170,
    172,
    175,
    180,
    183,
    184,
    187,
    197,
    199,
    202,
    205,
    206,
    209,
    211,
    217,
    218,
    219,
    222,
    223,
    224,
    226,
    229,
    230,
    235,
    237,
    239,
    243,
    244,
    249,
    251,
    252,
    253,
    256,
    258,
    264,
    267,
    270,
    271,
    275,
    277,
    279,
    285,
    286,
    287,
    290,
    291,
    297
  ],
  "fps": 30.0,
  "n_episodes": 60,
  "n_samples": 600,
  "horizon": 10,
  "lookahead_ms": 333.3333333333333,
  "mid_window": [
    0.25,
    0.75
  ],
  "seed": 0,
  "headline": "TRAIN-SET single-shot prediction: horizon-end MAE 0.96\u00b0, within 5\u00b0: 100%; first-step MAE 1.04\u00b0",
  "end_of_horizon": {
    "overall_joint_mae_rad": 0.01674618013203144,
    "overall_joint_mae_deg": 0.9594854116439819,
    "per_joint_mae_deg": [
      0.6937491297721863,
      0.6161989569664001,
      1.6154412031173706,
      1.0490937232971191,
      1.0107194185256958,
      0.7717114686965942
    ],
    "gripper_mae": 0.0055894809775054455,
    "accuracy_within_deg": {
      "2.0": 0.9933333333333333,
      "5.0": 1.0,
      "10.0": 1.0
    },
    "gripper_accuracy_within_0.1": 0.9933333333333333
  },
  "horizon_step_curve_deg": [
    1.0402857065200806,
    1.0235172510147095,
    1.0078898668289185,
    0.9906978607177734,
    0.9796336889266968,
    0.9676944017410278,
    0.9579506516456604,
    0.9517697095870972,
    0.9519885182380676,
    0.9594860076904297
  ],
  "horizon_step_perjoint_deg": [
    [
      0.7170368432998657,
      0.5815496444702148,
      1.9128475189208984,
      0.9369750022888184,
      1.2288538217544556,
      0.8644558787345886
    ],
    [
      0.7134397625923157,
      0.5798547267913818,
      1.8680275678634644,
      0.9679616689682007,
      1.1890301704406738,
      0.822790801525116
    ],
    [
      0.7190524339675903,
      0.579371452331543,
      1.830054759979248,
      0.9683730602264404,
      1.155364990234375,
      0.7951237559318542
    ],
    [
      0.7158153653144836,
      0.5695955157279968,
      1.7908450365066528,
      0.9752705097198486,
      1.1269702911376953,
      0.7656895518302917
    ],
    [
      0.7098498344421387,
      0.5801617503166199,
      1.7577954530715942,
      0.9648861289024353,
      1.1149548292160034,
      0.7501567602157593
    ],
    [
      0.7042136788368225,
      0.5789434909820557,
      1.7172788381576538,
      0.9937347173690796,
      1.0798648595809937,
      0.7321305274963379
    ],
    [
      0.6955800652503967,
      0.5728897452354431,
      1.6898800134658813,
      0.9940294027328491,
      1.0616880655288696,
      0.7336360812187195
    ],
    [
      0.6930335164070129,
      0.5836710333824158,
      1.6574283838272095,
      1.012542963027954,
      1.0329010486602783,
      0.7310436964035034
    ],
    [
      0.6901833415031433,
      0.6058290004730225,
      1.6341809034347534,
      1.0221883058547974,
      1.016218900680542,
      0.7433311343193054
    ],
    [
      0.6937491297721863,
      0.6161989569664001,
      1.6154412031173706,
      1.0490937232971191,
      1.0107194185256958,
      0.7717114686965942
    ]
  ],
  "context": {
    "first_step_mae_deg": 1.0402865409851074,
    "chunk_mean_mae_deg": 0.9830913543701172
  },
  "per_task_end_mae_deg": {
    "Picking up the bottle and placing it on the box": 0.959485498692499
  },
  "per_task_acc_within_5deg": {
    "Picking up the bottle and placing it on the box": 1.0
  },
  "rollouts": [],
  "latency_ms": {
    "first_ms": 14300.501717021689,
    "median_ms": 46.686187852174044,
    "mean_ms": 47.11633698100563,
    "p90_ms": 48.60419714823365
  },
  "raw_npz": "cmp-fftbase_bottle.npz"
}