{
  "model": "fftlora_bear",
  "config": "pi05_fftlora",
  "checkpoint": "/home/nhweiss/farm-train/openpi/checkpoints/pi05_fftlora/fftlora_bear30/9000",
  "repo_id": "NoahWeiss/farm_uf850_multiobject",
  "split": "held_out",
  "metric": "open_loop_teacher_forced",
  "ep_range": "329:349",
  "ep_lo": 329,
  "ep_hi": 349,
  "episodes_used": [
    329,
    330,
    331,
    332,
    334,
    335,
    336,
    337,
    338,
    339,
    340,
    341,
    342,
    343,
    344,
    345,
    346,
    347,
    348
  ],
  "fps": 30.0,
  "n_episodes": 19,
  "n_samples": 190,
  "horizon": 10,
  "lookahead_ms": 333.3333333333333,
  "mid_window": [
    0.25,
    0.75
  ],
  "seed": 0,
  "headline": "TRAIN-SET single-shot prediction: horizon-end MAE 0.63\u00b0, within 5\u00b0: 100%; first-step MAE 0.61\u00b0",
  "end_of_horizon": {
    "overall_joint_mae_rad": 0.01092118676751852,
    "overall_joint_mae_deg": 0.6257378458976746,
    "per_joint_mae_deg": [
      0.3708343803882599,
      0.4033249020576477,
      0.4566260874271393,
      1.0839067697525024,
      0.5602647066116333,
      0.8794699311256409
    ],
    "gripper_mae": 0.011003541760146618,
    "accuracy_within_deg": {
      "2.0": 1.0,
      "5.0": 1.0,
      "10.0": 1.0
    },
    "gripper_accuracy_within_0.1": 0.9894736842105263
  },
  "horizon_step_curve_deg": [
    0.6149864792823792,
    0.5964391231536865,
    0.5963197946548462,
    0.6015575528144836,
    0.5920560956001282,
    0.5886803865432739,
    0.5881502032279968,
    0.5885404944419861,
    0.6041869521141052,
    0.6257378458976746
  ],
  "horizon_step_perjoint_deg": [
    [
      0.3262723386287689,
      0.3274582326412201,
      0.4907921254634857,
      1.0959489345550537,
      0.5855394005775452,
      0.8639062643051147
    ],
    [
      0.3312436640262604,
      0.3283478915691376,
      0.4878821074962616,
      1.0755488872528076,
      0.5389766693115234,
      0.8166365027427673
    ],
    [
      0.35538020730018616,
      0.3413303792476654,
      0.45890939235687256,
      1.0613797903060913,
      0.5446744561195374,
      0.816245436668396
    ],
    [
      0.36553969979286194,
      0.35588979721069336,
      0.4602476954460144,
      1.0770635604858398,
      0.54661625623703,
      0.803989052772522
    ],
    [
      0.3617670238018036,
      0.3594854772090912,
      0.4456162452697754,
      1.0816384553909302,
      0.5387570858001709,
      0.765072762966156
    ],
    [
      0.376911461353302,
      0.3636942505836487,
      0.45187631249427795,
      1.037488341331482,
      0.5329221487045288,
      0.769189715385437
    ],
    [
      0.366942822933197,
      0.37554097175598145,
      0.43479639291763306,
      1.0385570526123047,
      0.528401792049408,
      0.7846634984016418
    ],
    [
      0.3812161982059479,
      0.36736932396888733,
      0.43919873237609863,
      1.022051215171814,
      0.5207526683807373,
      0.8006545901298523
    ],
    [
      0.368435263633728,
      0.40063485503196716,
      0.4605032801628113,
      1.0183053016662598,
      0.5455535650253296,
      0.8316885232925415
    ],
    [
      0.3708343803882599,
      0.4033249020576477,
      0.4566260874271393,
      1.0839067697525024,
      0.5602647066116333,
      0.8794699311256409
    ]
  ],
  "context": {
    "first_step_mae_deg": 0.6149863004684448,
    "chunk_mean_mae_deg": 0.5996655225753784
  },
  "per_task_end_mae_deg": {
    "Pick up the stuffed bear and place it on the box": 0.6257379166357914
  },
  "per_task_acc_within_5deg": {
    "Pick up the stuffed bear and place it on the box": 1.0
  },
  "rollouts": [],
  "latency_ms": {
    "first_ms": 15355.744596105069,
    "median_ms": 53.36480890400708,
    "mean_ms": 53.85781123017074,
    "p90_ms": 55.310935433954
  },
  "raw_npz": "cmp-fftlora_bear.npz"
}