{
  "model": "fftbase_duck",
  "config": "pi05_farm_multiobject_fft",
  "checkpoint": "/home/nhweiss/farm-train/openpi/checkpoints/pi05_farm_multiobject_fft/farm_fft_multiobject_robust_406/lora_base",
  "repo_id": "NoahWeiss/farm_uf850_multiobject",
  "split": "held_out",
  "metric": "open_loop_teacher_forced",
  "ep_range": "379:384",
  "ep_lo": 379,
  "ep_hi": 384,
  "episodes_used": [
    379,
    380,
    381,
    382,
    383
  ],
  "fps": 30.0,
  "n_episodes": 5,
  "n_samples": 50,
  "horizon": 10,
  "lookahead_ms": 333.3333333333333,
  "mid_window": [
    0.25,
    0.75
  ],
  "seed": 0,
  "headline": "TRAIN-SET single-shot prediction: horizon-end MAE 1.15\u00b0, within 5\u00b0: 100%; first-step MAE 1.11\u00b0",
  "end_of_horizon": {
    "overall_joint_mae_rad": 0.020099444314837456,
    "overall_joint_mae_deg": 1.1516132354736328,
    "per_joint_mae_deg": [
      0.9173068404197693,
      0.6468660235404968,
      1.4851489067077637,
      1.6256663799285889,
      1.067705512046814,
      1.1669864654541016
    ],
    "gripper_mae": 0.01539447158575058,
    "accuracy_within_deg": {
      "2.0": 0.96,
      "5.0": 1.0,
      "10.0": 1.0
    },
    "gripper_accuracy_within_0.1": 0.94
  },
  "horizon_step_curve_deg": [
    1.1133142709732056,
    1.1177659034729004,
    1.1356699466705322,
    1.093342900276184,
    1.1272591352462769,
    1.1027662754058838,
    1.100192904472351,
    1.1020485162734985,
    1.123605489730835,
    1.1516133546829224
  ],
  "horizon_step_perjoint_deg": [
    [
      1.0204445123672485,
      0.5648135542869568,
      1.6531245708465576,
      1.3638683557510376,
      1.1192893981933594,
      0.9583467841148376
    ],
    [
      1.0570133924484253,
      0.5372963547706604,
      1.5985969305038452,
      1.4546769857406616,
      1.0690898895263672,
      0.9899229407310486
    ],
    [
      1.0573431253433228,
      0.526192843914032,
      1.6009304523468018,
      1.5423262119293213,
      1.0554640293121338,
      1.0317631959915161
    ],
    [
      1.0530803203582764,
      0.5529458522796631,
      1.6006957292556763,
      1.428410530090332,
      1.0442476272583008,
      0.8806777596473694
    ],
    [
      1.082836389541626,
      0.548488974571228,
      1.5495244264602661,
      1.5499694347381592,
      1.0113426446914673,
      1.0213931798934937
    ],
    [
      1.0563338994979858,
      0.5698097944259644,
      1.5218548774719238,
      1.4768794775009155,
      1.007570505142212,
      0.9841471910476685
    ],
    [
      1.0227338075637817,
      0.5742022395133972,
      1.5335711240768433,
      1.4481669664382935,
      1.0338557958602905,
      0.9886282086372375
    ],
    [
      0.996159553527832,
      0.5859872102737427,
      1.5115786790847778,
      1.4294764995574951,
      1.0271711349487305,
      1.06191885471344
    ],
    [
      0.9581507444381714,
      0.6330200433731079,
      1.511002540588379,
      1.4915083646774292,
      1.0722635984420776,
      1.0756877660751343
    ],
    [
      0.9173068404197693,
      0.6468660235404968,
      1.4851489067077637,
      1.6256663799285889,
      1.067705512046814,
      1.1669864654541016
    ]
  ],
  "context": {
    "first_step_mae_deg": 1.1133145093917847,
    "chunk_mean_mae_deg": 1.1167579889297485
  },
  "per_task_end_mae_deg": {
    "Pick up the rubber duck and place it on the box": 1.1516133650165659
  },
  "per_task_acc_within_5deg": {
    "Pick up the rubber duck and place it on the box": 1.0
  },
  "rollouts": [],
  "latency_ms": {
    "first_ms": 13024.888240965083,
    "median_ms": 46.75554297864437,
    "mean_ms": 47.26997128098595,
    "p90_ms": 48.905793903395534
  },
  "raw_npz": "cmp-fftbase_duck.npz"
}