{
  "model": "fftlora_duck",
  "config": "pi05_fftlora",
  "checkpoint": "/home/nhweiss/farm-train/openpi/checkpoints/pi05_fftlora/fftlora_duck30/11999",
  "repo_id": "NoahWeiss/farm_uf850_multiobject",
  "split": "held_out",
  "metric": "open_loop_teacher_forced",
  "ep_range": "379:384",
  "ep_lo": 379,
  "ep_hi": 384,
  "episodes_used": [
    379,
    380,
    381,
    382,
    383
  ],
  "fps": 30.0,
  "n_episodes": 5,
  "n_samples": 50,
  "horizon": 10,
  "lookahead_ms": 333.3333333333333,
  "mid_window": [
    0.25,
    0.75
  ],
  "seed": 0,
  "headline": "TRAIN-SET single-shot prediction: horizon-end MAE 0.66\u00b0, within 5\u00b0: 100%; first-step MAE 0.50\u00b0",
  "end_of_horizon": {
    "overall_joint_mae_rad": 0.011447284370660782,
    "overall_joint_mae_deg": 0.6558810472488403,
    "per_joint_mae_deg": [
      0.34695833921432495,
      0.4857977032661438,
      0.5331857204437256,
      1.1147634983062744,
      0.4909439980983734,
      0.9636365175247192
    ],
    "gripper_mae": 0.013745292089879513,
    "accuracy_within_deg": {
      "2.0": 0.96,
      "5.0": 1.0,
      "10.0": 1.0
    },
    "gripper_accuracy_within_0.1": 0.96
  },
  "horizon_step_curve_deg": [
    0.5036672949790955,
    0.5198361873626709,
    0.49900922179222107,
    0.4844283163547516,
    0.5105812549591064,
    0.507211446762085,
    0.517134428024292,
    0.5584195852279663,
    0.5922038555145264,
    0.6558811068534851
  ],
  "horizon_step_perjoint_deg": [
    [
      0.21507832407951355,
      0.3282824158668518,
      0.3520374298095703,
      0.9338635206222534,
      0.49625760316848755,
      0.6964841485023499
    ],
    [
      0.24877581000328064,
      0.33650970458984375,
      0.3507034182548523,
      1.005281686782837,
      0.4636429250240326,
      0.7141034007072449
    ],
    [
      0.2589661478996277,
      0.36336979269981384,
      0.36216819286346436,
      0.8921335935592651,
      0.4473693370819092,
      0.6700478196144104
    ],
    [
      0.24846084415912628,
      0.36093077063560486,
      0.33567917346954346,
      0.8825893402099609,
      0.4665175974369049,
      0.6123923659324646
    ],
    [
      0.24944078922271729,
      0.3847893178462982,
      0.3898833096027374,
      0.9283487200737,
      0.43356016278266907,
      0.6774649620056152
    ],
    [
      0.27282533049583435,
      0.3990359604358673,
      0.3885992169380188,
      0.8662194609642029,
      0.43847566843032837,
      0.6781135201454163
    ],
    [
      0.3104029595851898,
      0.41400209069252014,
      0.39871397614479065,
      0.8449878692626953,
      0.4199145436286926,
      0.714785099029541
    ],
    [
      0.3258885443210602,
      0.43920260667800903,
      0.4277646243572235,
      0.8960562944412231,
      0.4376288652420044,
      0.8239767551422119
    ],
    [
      0.332440048456192,
      0.47485169768333435,
      0.45480412244796753,
      0.9616550207138062,
      0.46817076206207275,
      0.8613007068634033
    ],
    [
      0.34695833921432495,
      0.4857977032661438,
      0.5331857204437256,
      1.1147634983062744,
      0.4909439980983734,
      0.9636365175247192
    ]
  ],
  "context": {
    "first_step_mae_deg": 0.5036672949790955,
    "chunk_mean_mae_deg": 0.5348373055458069
  },
  "per_task_end_mae_deg": {
    "Pick up the rubber duck and place it on the box": 0.6558810343673829
  },
  "per_task_acc_within_5deg": {
    "Pick up the rubber duck and place it on the box": 1.0
  },
  "rollouts": [],
  "latency_ms": {
    "first_ms": 14984.521938022226,
    "median_ms": 53.25286788865924,
    "mean_ms": 53.6518626874883,
    "p90_ms": 55.08652408607304
  },
  "raw_npz": "cmp-fftlora_duck.npz"
}