{
  "model": "fftbase_hat",
  "config": "pi05_farm_multiobject_fft",
  "checkpoint": "/home/nhweiss/farm-train/openpi/checkpoints/pi05_farm_multiobject_fft/farm_fft_multiobject_robust_406/lora_base",
  "repo_id": "NoahWeiss/farm_uf850_multiobject",
  "split": "held_out",
  "metric": "open_loop_teacher_forced",
  "ep_range": "414:424",
  "ep_lo": 414,
  "ep_hi": 424,
  "episodes_used": [
    414,
    415,
    416,
    417,
    418,
    419,
    420,
    421,
    422,
    423
  ],
  "fps": 30.0,
  "n_episodes": 10,
  "n_samples": 100,
  "horizon": 10,
  "lookahead_ms": 333.3333333333333,
  "mid_window": [
    0.25,
    0.75
  ],
  "seed": 0,
  "headline": "TRAIN-SET single-shot prediction: horizon-end MAE 0.95\u00b0, within 5\u00b0: 100%; first-step MAE 0.98\u00b0",
  "end_of_horizon": {
    "overall_joint_mae_rad": 0.016568118706345558,
    "overall_joint_mae_deg": 0.949283242225647,
    "per_joint_mae_deg": [
      0.9214088916778564,
      0.4892043173313141,
      1.0846831798553467,
      1.112962245941162,
      1.1038061380386353,
      0.983634352684021
    ],
    "gripper_mae": 0.016454190015792847,
    "accuracy_within_deg": {
      "2.0": 0.99,
      "5.0": 1.0,
      "10.0": 1.0
    },
    "gripper_accuracy_within_0.1": 1.0
  },
  "horizon_step_curve_deg": [
    0.9769601225852966,
    0.9593940377235413,
    0.9560900330543518,
    0.9474685192108154,
    0.9460511803627014,
    0.9394940733909607,
    0.9423727989196777,
    0.9482350945472717,
    0.9594348073005676,
    0.9492833018302917
  ],
  "horizon_step_perjoint_deg": [
    [
      0.9712458848953247,
      0.4061894118785858,
      1.3699872493743896,
      1.1057391166687012,
      1.0970176458358765,
      0.911580502986908
    ],
    [
      0.9722549915313721,
      0.4370201528072357,
      1.3609920740127563,
      1.0454756021499634,
      1.0799990892410278,
      0.860622763633728
    ],
    [
      0.9690078496932983,
      0.41079866886138916,
      1.3552656173706055,
      1.0558370351791382,
      1.144425630569458,
      0.8012047410011292
    ],
    [
      0.9694666266441345,
      0.41490018367767334,
      1.3177083730697632,
      1.0479121208190918,
      1.145809292793274,
      0.7890154123306274
    ],
    [
      0.9422724843025208,
      0.4464542865753174,
      1.29865300655365,
      1.0558418035507202,
      1.1494715213775635,
      0.7836154103279114
    ],
    [
      0.922480046749115,
      0.4490768015384674,
      1.257091999053955,
      1.079949140548706,
      1.1212668418884277,
      0.8070991039276123
    ],
    [
      0.9403786063194275,
      0.4669564366340637,
      1.2309566736221313,
      1.0672601461410522,
      1.1065694093704224,
      0.8421159386634827
    ],
    [
      0.9440054297447205,
      0.4736354947090149,
      1.1864264011383057,
      1.0815595388412476,
      1.1156809329986572,
      0.8881019353866577
    ],
    [
      0.9450965523719788,
      0.4751821458339691,
      1.147333025932312,
      1.123888373374939,
      1.0830926895141602,
      0.9820149540901184
    ],
    [
      0.9214088916778564,
      0.4892043173313141,
      1.0846831798553467,
      1.112962245941162,
      1.1038061380386353,
      0.983634352684021
    ]
  ],
  "context": {
    "first_step_mae_deg": 0.9769598841667175,
    "chunk_mean_mae_deg": 0.9524783492088318
  },
  "per_task_end_mae_deg": {
    "Pick up the hat and place it on the box": 0.9492832203164543
  },
  "per_task_acc_within_5deg": {
    "Pick up the hat and place it on the box": 1.0
  },
  "rollouts": [],
  "latency_ms": {
    "first_ms": 13139.205472078174,
    "median_ms": 46.037217136472464,
    "mean_ms": 46.49253526815411,
    "p90_ms": 48.02276249974966
  },
  "raw_npz": "cmp-fftbase_hat.npz"
}