{
  "model": "fftlora_hat",
  "config": "pi05_fftlora",
  "checkpoint": "/home/nhweiss/farm-train/openpi/checkpoints/pi05_fftlora/fftlora_hat30/11999",
  "repo_id": "NoahWeiss/farm_uf850_multiobject",
  "split": "held_out",
  "metric": "open_loop_teacher_forced",
  "ep_range": "414:424",
  "ep_lo": 414,
  "ep_hi": 424,
  "episodes_used": [
    414,
    415,
    416,
    417,
    418,
    419,
    420,
    421,
    422,
    423
  ],
  "fps": 30.0,
  "n_episodes": 10,
  "n_samples": 100,
  "horizon": 10,
  "lookahead_ms": 333.3333333333333,
  "mid_window": [
    0.25,
    0.75
  ],
  "seed": 0,
  "headline": "TRAIN-SET single-shot prediction: horizon-end MAE 0.64\u00b0, within 5\u00b0: 100%; first-step MAE 0.54\u00b0",
  "end_of_horizon": {
    "overall_joint_mae_rad": 0.01113253552466631,
    "overall_joint_mae_deg": 0.6378472447395325,
    "per_joint_mae_deg": [
      0.39423298835754395,
      0.4295436143875122,
      0.5087504386901855,
      0.911957859992981,
      0.7195208072662354,
      0.8630775213241577
    ],
    "gripper_mae": 0.015943806618452072,
    "accuracy_within_deg": {
      "2.0": 1.0,
      "5.0": 1.0,
      "10.0": 1.0
    },
    "gripper_accuracy_within_0.1": 1.0
  },
  "horizon_step_curve_deg": [
    0.5365434288978577,
    0.5169389247894287,
    0.5258054733276367,
    0.5148977041244507,
    0.5332277417182922,
    0.5353267192840576,
    0.5403168201446533,
    0.5621659755706787,
    0.5888861417770386,
    0.6378471851348877
  ],
  "horizon_step_perjoint_deg": [
    [
      0.3538331687450409,
      0.2610289454460144,
      0.4410960078239441,
      0.8669649362564087,
      0.5788683295249939,
      0.7174696922302246
    ],
    [
      0.33124133944511414,
      0.30149030685424805,
      0.4334166944026947,
      0.8668737411499023,
      0.5369401574134827,
      0.6316721439361572
    ],
    [
      0.33418965339660645,
      0.30383118987083435,
      0.4438245892524719,
      0.8823760747909546,
      0.5869486927986145,
      0.6036631464958191
    ],
    [
      0.3301162123680115,
      0.3233586549758911,
      0.4315510392189026,
      0.8476449847221375,
      0.5670117139816284,
      0.5897029638290405
    ],
    [
      0.3280678391456604,
      0.3520415723323822,
      0.44260457158088684,
      0.8636643886566162,
      0.5982406735420227,
      0.6147474646568298
    ],
    [
      0.34114617109298706,
      0.35545605421066284,
      0.4311509132385254,
      0.8648759126663208,
      0.5834290981292725,
      0.6359022855758667
    ],
    [
      0.35378527641296387,
      0.3642224073410034,
      0.4352834224700928,
      0.8487668037414551,
      0.5862389802932739,
      0.6536033749580383
    ],
    [
      0.36760950088500977,
      0.3817303478717804,
      0.4408080577850342,
      0.8295854330062866,
      0.6235150694847107,
      0.7297469973564148
    ],
    [
      0.37052851915359497,
      0.40459662675857544,
      0.4580368995666504,
      0.8674964904785156,
      0.6400072574615479,
      0.7926509380340576
    ],
    [
      0.39423298835754395,
      0.4295436143875122,
      0.5087504386901855,
      0.911957859992981,
      0.7195208072662354,
      0.8630775213241577
    ]
  ],
  "context": {
    "first_step_mae_deg": 0.5365435481071472,
    "chunk_mean_mae_deg": 0.5491956472396851
  },
  "per_task_end_mae_deg": {
    "Pick up the hat and place it on the box": 0.6378472562865248
  },
  "per_task_acc_within_5deg": {
    "Pick up the hat and place it on the box": 1.0
  },
  "rollouts": [],
  "latency_ms": {
    "first_ms": 16431.27370905131,
    "median_ms": 53.14376694150269,
    "mean_ms": 53.58132871451101,
    "p90_ms": 55.110664991661906
  },
  "raw_npz": "cmp-fftlora_hat.npz"
}