{
  "model": "fftlora_bottle",
  "config": "pi05_fftlora",
  "checkpoint": "/home/nhweiss/farm-train/openpi/checkpoints/pi05_fftlora/fftlora_bottle100/11999",
  "repo_id": "NoahWeiss/farm_uf850_multiobject",
  "split": "held_out",
  "metric": "open_loop_teacher_forced",
  "ep_range": "100:299",
  "ep_lo": 100,
  "ep_hi": 299,
  "episodes_used": [
    100,
    105,
    106,
    110,
    113,
    117,
    135,
    136,
    139,
    141,
    154,
    165,
    168,
    170,
    172,
    175,
    180,
    183,
    184,
    187,
    197,
    199,
    202,
    205,
    206,
    209,
    211,
    217,
    218,
    219,
    222,
    223,
    224,
    226,
    229,
    230,
    235,
    237,
    239,
    243,
    244,
    249,
    251,
    252,
    253,
    256,
    258,
    264,
    267,
    270,
    271,
    275,
    277,
    279,
    285,
    286,
    287,
    290,
    291,
    297
  ],
  "fps": 30.0,
  "n_episodes": 60,
  "n_samples": 600,
  "horizon": 10,
  "lookahead_ms": 333.3333333333333,
  "mid_window": [
    0.25,
    0.75
  ],
  "seed": 0,
  "headline": "TRAIN-SET single-shot prediction: horizon-end MAE 0.56\u00b0, within 5\u00b0: 100%; first-step MAE 0.46\u00b0",
  "end_of_horizon": {
    "overall_joint_mae_rad": 0.00977366603910923,
    "overall_joint_mae_deg": 0.5599898099899292,
    "per_joint_mae_deg": [
      0.4072275161743164,
      0.4144485592842102,
      0.5319017171859741,
      0.9774554967880249,
      0.47061601281166077,
      0.5582898855209351
    ],
    "gripper_mae": 0.005556081887334585,
    "accuracy_within_deg": {
      "2.0": 1.0,
      "5.0": 1.0,
      "10.0": 1.0
    },
    "gripper_accuracy_within_0.1": 0.995
  },
  "horizon_step_curve_deg": [
    0.4573066532611847,
    0.45583468675613403,
    0.45715567469596863,
    0.45774975419044495,
    0.46285226941108704,
    0.46835336089134216,
    0.4783376455307007,
    0.4957830607891083,
    0.5249757766723633,
    0.559989869594574
  ],
  "horizon_step_perjoint_deg": [
    [
      0.30784592032432556,
      0.30140551924705505,
      0.4815390408039093,
      0.6946238875389099,
      0.4261833429336548,
      0.5322418808937073
    ],
    [
      0.3212774693965912,
      0.3098885715007782,
      0.47350427508354187,
      0.7026136517524719,
      0.41912347078323364,
      0.5086010694503784
    ],
    [
      0.3303406238555908,
      0.31386294960975647,
      0.46871334314346313,
      0.7235676050186157,
      0.41648203134536743,
      0.48996683955192566
    ],
    [
      0.33872562646865845,
      0.31779199838638306,
      0.4714738428592682,
      0.723842442035675,
      0.4227873980998993,
      0.47187507152557373
    ],
    [
      0.34646326303482056,
      0.3235816955566406,
      0.4681065082550049,
      0.7415700554847717,
      0.43115612864494324,
      0.4662359952926636
    ],
    [
      0.35749849677085876,
      0.32468968629837036,
      0.46581941843032837,
      0.7815784811973572,
      0.42949149012565613,
      0.45104140043258667
    ],
    [
      0.36424994468688965,
      0.3338576853275299,
      0.47515520453453064,
      0.816975474357605,
      0.4187503159046173,
      0.4610366225242615
    ],
    [
      0.37156492471694946,
      0.35927125811576843,
      0.4885307550430298,
      0.8602113723754883,
      0.4255472421646118,
      0.4695729613304138
    ],
    [
      0.3860604465007782,
      0.3759143054485321,
      0.5031399726867676,
      0.925715446472168,
      0.45078423619270325,
      0.5082404017448425
    ],
    [
      0.4072275161743164,
      0.4144485592842102,
      0.5319017171859741,
      0.9774554967880249,
      0.47061601281166077,
      0.5582898855209351
    ]
  ],
  "context": {
    "first_step_mae_deg": 0.4573066532611847,
    "chunk_mean_mae_deg": 0.4818338453769684
  },
  "per_task_end_mae_deg": {
    "Picking up the bottle and placing it on the box": 0.5599898332543543
  },
  "per_task_acc_within_5deg": {
    "Picking up the bottle and placing it on the box": 1.0
  },
  "rollouts": [],
  "latency_ms": {
    "first_ms": 15100.679334020242,
    "median_ms": 53.02039813250303,
    "mean_ms": 53.4943547698425,
    "p90_ms": 55.09719182737172
  },
  "raw_npz": "cmp-fftlora_bottle.npz"
}