{
  "model": "fft_32000",
  "config": "pi05_farm_multiobject_fft",
  "checkpoint": "/home/nhweiss/farm-train/openpi/checkpoints/pi05_farm_multiobject_fft/farm_fft_multiobject_robust_406/32000",
  "repo_id": "NoahWeiss/farm_uf850_multiobject",
  "split": "train",
  "metric": "open_loop_teacher_forced",
  "ep_range": "",
  "ep_lo": null,
  "ep_hi": null,
  "episodes_used": [
    2,
    18,
    19,
    27,
    38,
    54,
    71,
    83,
    84,
    85,
    88,
    93,
    98,
    111,
    136,
    145,
    148,
    150,
    155,
    164,
    181,
    198,
    201,
    212,
    248,
    251,
    261,
    266,
    286,
    290,
    291,
    298,
    306,
    308,
    313,
    320,
    324,
    325,
    330,
    343,
    345,
    374,
    384,
    390,
    392,
    394,
    400,
    411
  ],
  "fps": 30.0,
  "n_episodes": 48,
  "n_samples": 384,
  "horizon": 10,
  "lookahead_ms": 333.3333333333333,
  "mid_window": [
    0.25,
    0.75
  ],
  "seed": 0,
  "headline": "TRAIN-SET single-shot prediction: horizon-end MAE 1.39\u00b0, within 5\u00b0: 100%; first-step MAE 1.33\u00b0",
  "end_of_horizon": {
    "overall_joint_mae_rad": 0.024288857355713844,
    "overall_joint_mae_deg": 1.3916488885879517,
    "per_joint_mae_deg": [
      0.8012970685958862,
      0.8876494765281677,
      1.8577029705047607,
      1.912346601486206,
      1.4395322799682617,
      1.4513652324676514
    ],
    "gripper_mae": 0.011315353214740753,
    "accuracy_within_deg": {
      "2.0": 0.8541666666666666,
      "5.0": 0.9973958333333334,
      "10.0": 1.0
    },
    "gripper_accuracy_within_0.1": 0.9791666666666666
  },
  "horizon_step_curve_deg": [
    1.3290441036224365,
    1.3232111930847168,
    1.3106542825698853,
    1.321800708770752,
    1.3273766040802002,
    1.3327597379684448,
    1.336639404296875,
    1.353943943977356,
    1.3653864860534668,
    1.3916488885879517
  ],
  "horizon_step_perjoint_deg": [
    [
      0.7543487548828125,
      0.7830561995506287,
      2.2020821571350098,
      1.5078572034835815,
      1.4769154787063599,
      1.2500078678131104
    ],
    [
      0.7538924813270569,
      0.7859338521957397,
      2.1586968898773193,
      1.5152411460876465,
      1.4618778228759766,
      1.263625979423523
    ],
    [
      0.7553377747535706,
      0.7913142442703247,
      2.1151235103607178,
      1.5190669298171997,
      1.444460153579712,
      1.2386269569396973
    ],
    [
      0.7686260938644409,
      0.8008148074150085,
      2.0799880027770996,
      1.5848864316940308,
      1.4384620189666748,
      1.2580273151397705
    ],
    [
      0.7739367485046387,
      0.8165555000305176,
      2.0283689498901367,
      1.6247073411941528,
      1.440542459487915,
      1.2801491022109985
    ],
    [
      0.7722811102867126,
      0.8363901972770691,
      1.987231731414795,
      1.682816743850708,
      1.4210169315338135,
      1.2968192100524902
    ],
    [
      0.7699209451675415,
      0.8413140773773193,
      1.9269328117370605,
      1.722123146057129,
      1.444180965423584,
      1.3153666257858276
    ],
    [
      0.7861838936805725,
      0.8477901220321655,
      1.9018431901931763,
      1.7761017084121704,
      1.4522923231124878,
      1.3594491481781006
    ],
    [
      0.7903348803520203,
      0.8748526573181152,
      1.8794852495193481,
      1.8216692209243774,
      1.4375228881835938,
      1.3884501457214355
    ],
    [
      0.8012970685958862,
      0.8876494765281677,
      1.8577029705047607,
      1.912346601486206,
      1.4395322799682617,
      1.4513652324676514
    ]
  ],
  "context": {
    "first_step_mae_deg": 1.3290445804595947,
    "chunk_mean_mae_deg": 1.339246392250061
  },
  "per_task_end_mae_deg": {
    "Picking up the bottle and placing it on the box": 1.2977156682007163,
    "Pick up the stuffed bear and place it on the box": 1.685454873321694,
    "Pick up the rubber duck and place it on the box": 1.7545282151005916,
    "Pick up the hat and place it on the box": 1.3914380279770426
  },
  "per_task_acc_within_5deg": {
    "Picking up the bottle and placing it on the box": 1.0,
    "Pick up the stuffed bear and place it on the box": 0.9861111111111112,
    "Pick up the rubber duck and place it on the box": 1.0,
    "Pick up the hat and place it on the box": 1.0
  },
  "rollouts": [],
  "latency_ms": {
    "first_ms": 13558.308236999437,
    "median_ms": 47.607267973944545,
    "mean_ms": 47.57172993734459,
    "p90_ms": 49.42903914488852
  },
  "raw_npz": "traindata-fft-32000.npz"
}