{
  "model": "fft_48000",
  "config": "pi05_farm_multiobject_fft",
  "checkpoint": "/home/nhweiss/farm-train/openpi/checkpoints/pi05_farm_multiobject_fft/farm_fft_multiobject_robust_406/48000",
  "repo_id": "NoahWeiss/farm_uf850_multiobject",
  "split": "train",
  "metric": "open_loop_teacher_forced",
  "ep_range": "",
  "ep_lo": null,
  "ep_hi": null,
  "episodes_used": [
    2,
    18,
    19,
    27,
    38,
    54,
    71,
    83,
    84,
    85,
    88,
    93,
    98,
    111,
    136,
    145,
    148,
    150,
    155,
    164,
    181,
    198,
    201,
    212,
    248,
    251,
    261,
    266,
    286,
    290,
    291,
    298,
    306,
    308,
    313,
    320,
    324,
    325,
    330,
    343,
    345,
    374,
    384,
    390,
    392,
    394,
    400,
    411
  ],
  "fps": 30.0,
  "n_episodes": 48,
  "n_samples": 384,
  "horizon": 10,
  "lookahead_ms": 333.3333333333333,
  "mid_window": [
    0.25,
    0.75
  ],
  "seed": 0,
  "headline": "TRAIN-SET single-shot prediction: horizon-end MAE 1.06\u00b0, within 5\u00b0: 100%; first-step MAE 1.15\u00b0",
  "end_of_horizon": {
    "overall_joint_mae_rad": 0.01851324923336506,
    "overall_joint_mae_deg": 1.0607309341430664,
    "per_joint_mae_deg": [
      0.6927452087402344,
      0.6795875430107117,
      1.6160202026367188,
      1.3479112386703491,
      1.0263757705688477,
      1.0017467737197876
    ],
    "gripper_mae": 0.010147144086658955,
    "accuracy_within_deg": {
      "2.0": 0.9479166666666666,
      "5.0": 1.0,
      "10.0": 1.0
    },
    "gripper_accuracy_within_0.1": 0.9869791666666666
  },
  "horizon_step_curve_deg": [
    1.1457430124282837,
    1.132571816444397,
    1.1073682308197021,
    1.0904945135116577,
    1.0834851264953613,
    1.0682601928710938,
    1.065691590309143,
    1.0606352090835571,
    1.0534708499908447,
    1.0607309341430664
  ],
  "horizon_step_perjoint_deg": [
    [
      0.7091192007064819,
      0.7337505221366882,
      2.050637722015381,
      1.1604092121124268,
      1.1983633041381836,
      1.022177815437317
    ],
    [
      0.712019681930542,
      0.7314067482948303,
      2.011901378631592,
      1.1588637828826904,
      1.1767363548278809,
      1.004498839378357
    ],
    [
      0.7092190384864807,
      0.7228679656982422,
      1.9693704843521118,
      1.1071568727493286,
      1.1438285112380981,
      0.9917677640914917
    ],
    [
      0.7121379375457764,
      0.716477632522583,
      1.9306716918945312,
      1.102887749671936,
      1.1135812997817993,
      0.9672099351882935
    ],
    [
      0.7151448726654053,
      0.694329023361206,
      1.8674389123916626,
      1.1426845788955688,
      1.1026973724365234,
      0.9786161184310913
    ],
    [
      0.7121495604515076,
      0.6910677552223206,
      1.8252912759780884,
      1.15019690990448,
      1.0497016906738281,
      0.9811576008796692
    ],
    [
      0.7059953808784485,
      0.666213870048523,
      1.7538601160049438,
      1.2141927480697632,
      1.0514205694198608,
      1.0024669170379639
    ],
    [
      0.7114621996879578,
      0.6610028743743896,
      1.7010562419891357,
      1.259587049484253,
      1.050366997718811,
      0.9803362488746643
    ],
    [
      0.6995944976806641,
      0.6782050132751465,
      1.6566345691680908,
      1.2756197452545166,
      1.0260586738586426,
      0.9847104549407959
    ],
    [
      0.6927452087402344,
      0.6795875430107117,
      1.6160202026367188,
      1.3479112386703491,
      1.0263757705688477,
      1.0017467737197876
    ]
  ],
  "context": {
    "first_step_mae_deg": 1.1457430124282837,
    "chunk_mean_mae_deg": 1.0868451595306396
  },
  "per_task_end_mae_deg": {
    "Picking up the bottle and placing it on the box": 1.0248942506514236,
    "Pick up the stuffed bear and place it on the box": 1.1755187310181667,
    "Pick up the rubber duck and place it on the box": 1.2360517902066301,
    "Pick up the hat and place it on the box": 1.050459081408318
  },
  "per_task_acc_within_5deg": {
    "Picking up the bottle and placing it on the box": 1.0,
    "Pick up the stuffed bear and place it on the box": 1.0,
    "Pick up the rubber duck and place it on the box": 1.0,
    "Pick up the hat and place it on the box": 1.0
  },
  "rollouts": [],
  "latency_ms": {
    "first_ms": 13542.975255055353,
    "median_ms": 47.76634997688234,
    "mean_ms": 47.775017961436596,
    "p90_ms": 49.81686472892761
  },
  "raw_npz": "traindata-fft-48000.npz"
}