{
  "model": "fft_24000",
  "config": "pi05_farm_multiobject_fft",
  "checkpoint": "/home/nhweiss/farm-train/openpi/checkpoints/pi05_farm_multiobject_fft/farm_fft_multiobject_robust_406/24000",
  "repo_id": "NoahWeiss/farm_uf850_multiobject",
  "split": "train",
  "metric": "open_loop_teacher_forced",
  "ep_range": "",
  "ep_lo": null,
  "ep_hi": null,
  "episodes_used": [
    2,
    18,
    19,
    27,
    38,
    54,
    71,
    83,
    84,
    85,
    88,
    93,
    98,
    111,
    136,
    145,
    148,
    150,
    155,
    164,
    181,
    198,
    201,
    212,
    248,
    251,
    261,
    266,
    286,
    290,
    291,
    298,
    306,
    308,
    313,
    320,
    324,
    325,
    330,
    343,
    345,
    374,
    384,
    390,
    392,
    394,
    400,
    411
  ],
  "fps": 30.0,
  "n_episodes": 48,
  "n_samples": 384,
  "horizon": 10,
  "lookahead_ms": 333.3333333333333,
  "mid_window": [
    0.25,
    0.75
  ],
  "seed": 0,
  "headline": "TRAIN-SET single-shot prediction: horizon-end MAE 1.55\u00b0, within 5\u00b0: 100%; first-step MAE 1.43\u00b0",
  "end_of_horizon": {
    "overall_joint_mae_rad": 0.027059219777584076,
    "overall_joint_mae_deg": 1.5503790378570557,
    "per_joint_mae_deg": [
      0.8569290041923523,
      1.0754801034927368,
      1.9312613010406494,
      2.198604106903076,
      1.5377627611160278,
      1.7022377252578735
    ],
    "gripper_mae": 0.013122494332492352,
    "accuracy_within_deg": {
      "2.0": 0.7838541666666666,
      "5.0": 0.9973958333333334,
      "10.0": 1.0
    },
    "gripper_accuracy_within_0.1": 0.9765625
  },
  "horizon_step_curve_deg": [
    1.425864577293396,
    1.423453688621521,
    1.4160308837890625,
    1.4225486516952515,
    1.4346387386322021,
    1.4457261562347412,
    1.4640120267868042,
    1.4945045709609985,
    1.518425703048706,
    1.5503787994384766
  ],
  "horizon_step_perjoint_deg": [
    [
      0.7052049040794373,
      0.8969069719314575,
      2.2769854068756104,
      1.6773875951766968,
      1.594852089881897,
      1.4038505554199219
    ],
    [
      0.7124379277229309,
      0.9091511964797974,
      2.231796979904175,
      1.703066110610962,
      1.573361873626709,
      1.4109070301055908
    ],
    [
      0.7285776734352112,
      0.9118209481239319,
      2.1846189498901367,
      1.7094941139221191,
      1.5552057027816772,
      1.4064644575119019
    ],
    [
      0.7376976609230042,
      0.9225472807884216,
      2.148205518722534,
      1.7695554494857788,
      1.5322426557540894,
      1.4250425100326538
    ],
    [
      0.7555723190307617,
      0.9409669637680054,
      2.098682165145874,
      1.8240748643875122,
      1.545722484588623,
      1.4428132772445679
    ],
    [
      0.7705436944961548,
      0.9539405703544617,
      2.0571625232696533,
      1.8767352104187012,
      1.5148624181747437,
      1.5011121034622192
    ],
    [
      0.7908624410629272,
      0.9826895594596863,
      2.0049960613250732,
      1.948102593421936,
      1.5272862911224365,
      1.5301352739334106
    ],
    [
      0.818357527256012,
      1.0039280652999878,
      1.9863636493682861,
      2.0357136726379395,
      1.5272109508514404,
      1.5954500436782837
    ],
    [
      0.8394362330436707,
      1.0629711151123047,
      1.9548606872558594,
      2.1043360233306885,
      1.521723747253418,
      1.6272265911102295
    ],
    [
      0.8569290041923523,
      1.0754801034927368,
      1.9312613010406494,
      2.198604106903076,
      1.5377627611160278,
      1.7022377252578735
    ]
  ],
  "context": {
    "first_step_mae_deg": 1.425864577293396,
    "chunk_mean_mae_deg": 1.4595582485198975
  },
  "per_task_end_mae_deg": {
    "Picking up the bottle and placing it on the box": 1.4488248502187455,
    "Pick up the stuffed bear and place it on the box": 1.8838387279153044,
    "Pick up the rubber duck and place it on the box": 1.8870004744348228,
    "Pick up the hat and place it on the box": 1.5357090066572257
  },
  "per_task_acc_within_5deg": {
    "Picking up the bottle and placing it on the box": 1.0,
    "Pick up the stuffed bear and place it on the box": 0.9861111111111112,
    "Pick up the rubber duck and place it on the box": 1.0,
    "Pick up the hat and place it on the box": 1.0
  },
  "rollouts": [],
  "latency_ms": {
    "first_ms": 13476.556927897036,
    "median_ms": 47.0926770940423,
    "mean_ms": 47.147042615893575,
    "p90_ms": 49.06751303933561
  },
  "raw_npz": "traindata-fft-24000.npz"
}