{
  "model": "fft_16000",
  "config": "pi05_farm_multiobject_fft",
  "checkpoint": "/home/nhweiss/farm-train/openpi/checkpoints/pi05_farm_multiobject_fft/farm_fft_multiobject_robust_406/16000",
  "repo_id": "NoahWeiss/farm_uf850_multiobject",
  "split": "train",
  "metric": "open_loop_teacher_forced",
  "ep_range": "",
  "ep_lo": null,
  "ep_hi": null,
  "episodes_used": [
    2,
    18,
    19,
    27,
    38,
    54,
    71,
    83,
    84,
    85,
    88,
    93,
    98,
    111,
    136,
    145,
    148,
    150,
    155,
    164,
    181,
    198,
    201,
    212,
    248,
    251,
    261,
    266,
    286,
    290,
    291,
    298,
    306,
    308,
    313,
    320,
    324,
    325,
    330,
    343,
    345,
    374,
    384,
    390,
    392,
    394,
    400,
    411
  ],
  "fps": 30.0,
  "n_episodes": 48,
  "n_samples": 384,
  "horizon": 10,
  "lookahead_ms": 333.3333333333333,
  "mid_window": [
    0.25,
    0.75
  ],
  "seed": 0,
  "headline": "TRAIN-SET single-shot prediction: horizon-end MAE 1.92\u00b0, within 5\u00b0: 98%; first-step MAE 1.67\u00b0",
  "end_of_horizon": {
    "overall_joint_mae_rad": 0.03359416872262955,
    "overall_joint_mae_deg": 1.9248039722442627,
    "per_joint_mae_deg": [
      1.0521620512008667,
      1.3428623676300049,
      2.2072560787200928,
      2.8960185050964355,
      1.9183846712112427,
      2.1321420669555664
    ],
    "gripper_mae": 0.015596680343151093,
    "accuracy_within_deg": {
      "2.0": 0.6458333333333334,
      "5.0": 0.9765625,
      "10.0": 1.0
    },
    "gripper_accuracy_within_0.1": 0.9713541666666666
  },
  "horizon_step_curve_deg": [
    1.6701399087905884,
    1.6719273328781128,
    1.6781095266342163,
    1.698642373085022,
    1.7359517812728882,
    1.7594407796859741,
    1.7985575199127197,
    1.8394161462783813,
    1.8812203407287598,
    1.9248048067092896
  ],
  "horizon_step_perjoint_deg": [
    [
      0.8231344819068909,
      1.0027674436569214,
      2.3913609981536865,
      2.209688425064087,
      1.8270313739776611,
      1.7668602466583252
    ],
    [
      0.8144930005073547,
      1.0303047895431519,
      2.3593626022338867,
      2.238999605178833,
      1.8104729652404785,
      1.7779288291931152
    ],
    [
      0.8325622081756592,
      1.0524946451187134,
      2.327779769897461,
      2.2633118629455566,
      1.80423903465271,
      1.7882682085037231
    ],
    [
      0.8506557941436768,
      1.0687980651855469,
      2.3044610023498535,
      2.340102195739746,
      1.8058615922927856,
      1.8219714164733887
    ],
    [
      0.8872298002243042,
      1.1166553497314453,
      2.2866241931915283,
      2.4337339401245117,
      1.8359628915786743,
      1.8555115461349487
    ],
    [
      0.9226475358009338,
      1.1607714891433716,
      2.25708270072937,
      2.4847376346588135,
      1.8360247611999512,
      1.8953776359558105
    ],
    [
      0.9549616575241089,
      1.200966238975525,
      2.223936080932617,
      2.5806167125701904,
      1.8769177198410034,
      1.9539469480514526
    ],
    [
      0.9909117221832275,
      1.2476139068603516,
      2.214430809020996,
      2.703425407409668,
      1.8883124589920044,
      1.9918015003204346
    ],
    [
      1.0231107473373413,
      1.3006004095077515,
      2.2131104469299316,
      2.7917230129241943,
      1.8942800760269165,
      2.064502000808716
    ],
    [
      1.0521620512008667,
      1.3428623676300049,
      2.2072560787200928,
      2.8960185050964355,
      1.9183846712112427,
      2.1321420669555664
    ]
  ],
  "context": {
    "first_step_mae_deg": 1.670140027999878,
    "chunk_mean_mae_deg": 1.7658209800720215
  },
  "per_task_end_mae_deg": {
    "Picking up the bottle and placing it on the box": 1.7026970606978569,
    "Pick up the stuffed bear and place it on the box": 2.466627223523274,
    "Pick up the rubber duck and place it on the box": 2.851869482073988,
    "Pick up the hat and place it on the box": 2.1421296277348465
  },
  "per_task_acc_within_5deg": {
    "Picking up the bottle and placing it on the box": 0.99609375,
    "Pick up the stuffed bear and place it on the box": 0.9305555555555556,
    "Pick up the rubber duck and place it on the box": 0.875,
    "Pick up the hat and place it on the box": 0.9583333333333334
  },
  "rollouts": [],
  "latency_ms": {
    "first_ms": 13063.720482867211,
    "median_ms": 47.743388917297125,
    "mean_ms": 47.78796654345356,
    "p90_ms": 50.36751013249159
  },
  "raw_npz": "traindata-fft-16000.npz"
}