{
  "model": "fft_8000",
  "config": "pi05_farm_multiobject_fft",
  "checkpoint": "/home/nhweiss/farm-train/openpi/checkpoints/pi05_farm_multiobject_fft/farm_fft_multiobject_robust_406/8000",
  "repo_id": "NoahWeiss/farm_uf850_multiobject",
  "split": "train",
  "metric": "open_loop_teacher_forced",
  "ep_range": "",
  "ep_lo": null,
  "ep_hi": null,
  "episodes_used": [
    2,
    18,
    19,
    27,
    38,
    54,
    71,
    83,
    84,
    85,
    88,
    93,
    98,
    111,
    136,
    145,
    148,
    150,
    155,
    164,
    181,
    198,
    201,
    212,
    248,
    251,
    261,
    266,
    286,
    290,
    291,
    298,
    306,
    308,
    313,
    320,
    324,
    325,
    330,
    343,
    345,
    374,
    384,
    390,
    392,
    394,
    400,
    411
  ],
  "fps": 30.0,
  "n_episodes": 48,
  "n_samples": 384,
  "horizon": 10,
  "lookahead_ms": 333.3333333333333,
  "mid_window": [
    0.25,
    0.75
  ],
  "seed": 0,
  "headline": "TRAIN-SET single-shot prediction: horizon-end MAE 2.54\u00b0, within 5\u00b0: 94%; first-step MAE 2.04\u00b0",
  "end_of_horizon": {
    "overall_joint_mae_rad": 0.044335488229990005,
    "overall_joint_mae_deg": 2.540236234664917,
    "per_joint_mae_deg": [
      1.365232229232788,
      1.8012661933898926,
      2.632904529571533,
      3.8664145469665527,
      2.6221675872802734,
      2.953429937362671
    ],
    "gripper_mae": 0.021890172734856606,
    "accuracy_within_deg": {
      "2.0": 0.421875,
      "5.0": 0.9401041666666666,
      "10.0": 0.9973958333333334
    },
    "gripper_accuracy_within_0.1": 0.9401041666666666
  },
  "horizon_step_curve_deg": [
    2.040949583053589,
    2.057711601257324,
    2.083479404449463,
    2.1354823112487793,
    2.2003185749053955,
    2.2635154724121094,
    2.340327262878418,
    2.4132909774780273,
    2.47808837890625,
    2.5402369499206543
  ],
  "horizon_step_perjoint_deg": [
    [
      1.054559588432312,
      1.2610821723937988,
      2.4523065090179443,
      3.1341869831085205,
      2.0746335983276367,
      2.2689266204833984
    ],
    [
      1.0668952465057373,
      1.299543023109436,
      2.4496471881866455,
      3.1536448001861572,
      2.0898451805114746,
      2.2866995334625244
    ],
    [
      1.0967814922332764,
      1.3545465469360352,
      2.4510974884033203,
      3.1724765300750732,
      2.1236088275909424,
      2.3023674488067627
    ],
    [
      1.137399673461914,
      1.4010560512542725,
      2.462336540222168,
      3.2711875438690186,
      2.177210807800293,
      2.363696336746216
    ],
    [
      1.1777421236038208,
      1.4797228574752808,
      2.480999708175659,
      3.3345320224761963,
      2.248687505722046,
      2.480220317840576
    ],
    [
      1.21674382686615,
      1.5479013919830322,
      2.5021071434020996,
      3.419630765914917,
      2.3057689666748047,
      2.5889410972595215
    ],
    [
      1.2627184391021729,
      1.6204991340637207,
      2.5262343883514404,
      3.5484402179718018,
      2.3929269313812256,
      2.6911466121673584
    ],
    [
      1.2925914525985718,
      1.6959290504455566,
      2.575021505355835,
      3.6487081050872803,
      2.4880099296569824,
      2.7794957160949707
    ],
    [
      1.3318531513214111,
      1.7660303115844727,
      2.6097235679626465,
      3.7801718711853027,
      2.537792682647705,
      2.8429603576660156
    ],
    [
      1.365232229232788,
      1.8012661933898926,
      2.632904529571533,
      3.8664145469665527,
      2.6221675872802734,
      2.953429937362671
    ]
  ],
  "context": {
    "first_step_mae_deg": 2.0409491062164307,
    "chunk_mean_mae_deg": 2.255340099334717
  },
  "per_task_end_mae_deg": {
    "Picking up the bottle and placing it on the box": 2.2025839203522994,
    "Pick up the stuffed bear and place it on the box": 3.1577265507618573,
    "Pick up the rubber duck and place it on the box": 4.279493497646423,
    "Pick up the hat and place it on the box": 3.12493856078598
  },
  "per_task_acc_within_5deg": {
    "Picking up the bottle and placing it on the box": 0.96875,
    "Pick up the stuffed bear and place it on the box": 0.875,
    "Pick up the rubber duck and place it on the box": 0.75,
    "Pick up the hat and place it on the box": 0.9166666666666666
  },
  "rollouts": [],
  "latency_ms": {
    "first_ms": 13581.050236942247,
    "median_ms": 47.804954927414656,
    "mean_ms": 47.873565632918016,
    "p90_ms": 50.252575846388936
  },
  "raw_npz": "traindata-fft-8000.npz"
}