{
  "model": "fft_55999",
  "config": "pi05_farm_multiobject_fft",
  "checkpoint": "/home/nhweiss/farm-train/openpi/checkpoints/pi05_farm_multiobject_fft/farm_fft_multiobject_robust_406/55999",
  "repo_id": "NoahWeiss/farm_uf850_multiobject",
  "split": "train",
  "metric": "open_loop_teacher_forced",
  "ep_range": "",
  "ep_lo": null,
  "ep_hi": null,
  "episodes_used": [
    2,
    18,
    19,
    27,
    38,
    54,
    71,
    83,
    84,
    85,
    88,
    93,
    98,
    111,
    136,
    145,
    148,
    150,
    155,
    164,
    181,
    198,
    201,
    212,
    248,
    251,
    261,
    266,
    286,
    290,
    291,
    298,
    306,
    308,
    313,
    320,
    324,
    325,
    330,
    343,
    345,
    374,
    384,
    390,
    392,
    394,
    400,
    411
  ],
  "fps": 30.0,
  "n_episodes": 48,
  "n_samples": 384,
  "horizon": 10,
  "lookahead_ms": 333.3333333333333,
  "mid_window": [
    0.25,
    0.75
  ],
  "seed": 0,
  "headline": "TRAIN-SET single-shot prediction: horizon-end MAE 0.98\u00b0, within 5\u00b0: 100%; first-step MAE 1.08\u00b0",
  "end_of_horizon": {
    "overall_joint_mae_rad": 0.017161205410957336,
    "overall_joint_mae_deg": 0.9832645654678345,
    "per_joint_mae_deg": [
      0.6721923351287842,
      0.641886830329895,
      1.5919774770736694,
      1.1884915828704834,
      0.9579631090164185,
      0.8470763564109802
    ],
    "gripper_mae": 0.010101365856826305,
    "accuracy_within_deg": {
      "2.0": 0.9635416666666666,
      "5.0": 1.0,
      "10.0": 1.0
    },
    "gripper_accuracy_within_0.1": 0.9817708333333334
  },
  "horizon_step_curve_deg": [
    1.0769457817077637,
    1.0571067333221436,
    1.0334831476211548,
    1.011654019355774,
    1.0041024684906006,
    0.9876063466072083,
    0.9850237965583801,
    0.9784234762191772,
    0.977031409740448,
    0.983264684677124
  ],
  "horizon_step_perjoint_deg": [
    [
      0.7074037790298462,
      0.7015812397003174,
      1.9825472831726074,
      1.0305520296096802,
      1.1457687616348267,
      0.8938213586807251
    ],
    [
      0.700570821762085,
      0.6943140625953674,
      1.940601110458374,
      1.022946834564209,
      1.1146624088287354,
      0.8695425391197205
    ],
    [
      0.6968769431114197,
      0.6838788390159607,
      1.8983756303787231,
      0.9749228954315186,
      1.099173903465271,
      0.8476725816726685
    ],
    [
      0.6933940052986145,
      0.6776685118675232,
      1.8519264459609985,
      0.9715297818183899,
      1.0624351501464844,
      0.8129724264144897
    ],
    [
      0.6885827779769897,
      0.6559566855430603,
      1.8018341064453125,
      1.0208423137664795,
      1.0356764793395996,
      0.8217207789421082
    ],
    [
      0.6793162226676941,
      0.6535732746124268,
      1.763426661491394,
      1.014128565788269,
      1.010550618171692,
      0.804642915725708
    ],
    [
      0.6708131432533264,
      0.6298674941062927,
      1.7017111778259277,
      1.0695679187774658,
      1.0026984214782715,
      0.8354868292808533
    ],
    [
      0.6747978329658508,
      0.6309221982955933,
      1.6566903591156006,
      1.110762596130371,
      0.9844164252281189,
      0.8129523396492004
    ],
    [
      0.6742314696311951,
      0.641753613948822,
      1.6239827871322632,
      1.1315995454788208,
      0.9555193781852722,
      0.8350984454154968
    ],
    [
      0.6721923351287842,
      0.641886830329895,
      1.5919774770736694,
      1.1884915828704834,
      0.9579631090164185,
      0.8470763564109802
    ]
  ],
  "context": {
    "first_step_mae_deg": 1.076945424079895,
    "chunk_mean_mae_deg": 1.009464144706726
  },
  "per_task_end_mae_deg": {
    "Picking up the bottle and placing it on the box": 0.9659724702647465,
    "Pick up the stuffed bear and place it on the box": 1.0668100023300064,
    "Pick up the rubber duck and place it on the box": 1.074797537261735,
    "Pick up the hat and place it on the box": 0.934916096267358
  },
  "per_task_acc_within_5deg": {
    "Picking up the bottle and placing it on the box": 1.0,
    "Pick up the stuffed bear and place it on the box": 1.0,
    "Pick up the rubber duck and place it on the box": 1.0,
    "Pick up the hat and place it on the box": 1.0
  },
  "rollouts": [],
  "latency_ms": {
    "first_ms": 14871.977515984327,
    "median_ms": 48.1808299664408,
    "mean_ms": 48.08695494579079,
    "p90_ms": 49.729989375919104
  },
  "raw_npz": "traindata-fft-55999.npz"
}