{
  "model": "fft_40000",
  "config": "pi05_farm_multiobject_fft",
  "checkpoint": "/home/nhweiss/farm-train/openpi/checkpoints/pi05_farm_multiobject_fft/farm_fft_multiobject_robust_406/40000",
  "repo_id": "NoahWeiss/farm_uf850_multiobject",
  "split": "train",
  "metric": "open_loop_teacher_forced",
  "ep_range": "",
  "ep_lo": null,
  "ep_hi": null,
  "episodes_used": [
    2,
    18,
    19,
    27,
    38,
    54,
    71,
    83,
    84,
    85,
    88,
    93,
    98,
    111,
    136,
    145,
    148,
    150,
    155,
    164,
    181,
    198,
    201,
    212,
    248,
    251,
    261,
    266,
    286,
    290,
    291,
    298,
    306,
    308,
    313,
    320,
    324,
    325,
    330,
    343,
    345,
    374,
    384,
    390,
    392,
    394,
    400,
    411
  ],
  "fps": 30.0,
  "n_episodes": 48,
  "n_samples": 384,
  "horizon": 10,
  "lookahead_ms": 333.3333333333333,
  "mid_window": [
    0.25,
    0.75
  ],
  "seed": 0,
  "headline": "TRAIN-SET single-shot prediction: horizon-end MAE 1.19\u00b0, within 5\u00b0: 100%; first-step MAE 1.21\u00b0",
  "end_of_horizon": {
    "overall_joint_mae_rad": 0.020789004862308502,
    "overall_joint_mae_deg": 1.1911221742630005,
    "per_joint_mae_deg": [
      0.739336371421814,
      0.7846985459327698,
      1.7057125568389893,
      1.574698805809021,
      1.1906152963638306,
      1.15167236328125
    ],
    "gripper_mae": 0.01073156762868166,
    "accuracy_within_deg": {
      "2.0": 0.9192708333333334,
      "5.0": 1.0,
      "10.0": 1.0
    },
    "gripper_accuracy_within_0.1": 0.984375
  },
  "horizon_step_curve_deg": [
    1.208406925201416,
    1.207308053970337,
    1.1910580396652222,
    1.1851575374603271,
    1.1810392141342163,
    1.1790567636489868,
    1.1815189123153687,
    1.1826071739196777,
    1.1759161949157715,
    1.1911216974258423
  ],
  "horizon_step_perjoint_deg": [
    [
      0.7276345491409302,
      0.7924578785896301,
      2.1063735485076904,
      1.250516653060913,
      1.3111658096313477,
      1.0622926950454712
    ],
    [
      0.7265506386756897,
      0.7819358110427856,
      2.057518720626831,
      1.2920266389846802,
      1.289984941482544,
      1.0958302021026611
    ],
    [
      0.7226839065551758,
      0.7756022214889526,
      2.009272336959839,
      1.2855045795440674,
      1.2597037553787231,
      1.093579888343811
    ],
    [
      0.7229859828948975,
      0.7674318552017212,
      1.9780408143997192,
      1.3200318813323975,
      1.2333425283432007,
      1.0891121625900269
    ],
    [
      0.718521773815155,
      0.7569741606712341,
      1.9260822534561157,
      1.3590080738067627,
      1.2213629484176636,
      1.1042828559875488
    ],
    [
      0.7142757177352905,
      0.758647620677948,
      1.8757284879684448,
      1.4143933057785034,
      1.1909403800964355,
      1.120354413986206
    ],
    [
      0.7192596197128296,
      0.7514844536781311,
      1.8130236864089966,
      1.4492796659469604,
      1.2065362930297852,
      1.1495314836502075
    ],
    [
      0.7260171175003052,
      0.7620204091072083,
      1.7774460315704346,
      1.4886895418167114,
      1.2002296447753906,
      1.141242265701294
    ],
    [
      0.7303102016448975,
      0.7775751352310181,
      1.7400925159454346,
      1.487255334854126,
      1.1847271919250488,
      1.1355363130569458
    ],
    [
      0.739336371421814,
      0.7846985459327698,
      1.7057125568389893,
      1.574698805809021,
      1.1906152963638306,
      1.15167236328125
    ]
  ],
  "context": {
    "first_step_mae_deg": 1.2084068059921265,
    "chunk_mean_mae_deg": 1.1883189678192139
  },
  "per_task_end_mae_deg": {
    "Picking up the bottle and placing it on the box": 1.122926724652845,
    "Pick up the stuffed bear and place it on the box": 1.4026348987861539,
    "Pick up the rubber duck and place it on the box": 1.6131585938357873,
    "Pick up the hat and place it on the box": 1.1672234622876503
  },
  "per_task_acc_within_5deg": {
    "Picking up the bottle and placing it on the box": 1.0,
    "Pick up the stuffed bear and place it on the box": 1.0,
    "Pick up the rubber duck and place it on the box": 1.0,
    "Pick up the hat and place it on the box": 1.0
  },
  "rollouts": [],
  "latency_ms": {
    "first_ms": 13333.123096032068,
    "median_ms": 47.964208060875535,
    "mean_ms": 47.831817223707475,
    "p90_ms": 49.909488903358586
  },
  "raw_npz": "traindata-fft-40000.npz"
}