{
  "indist": {
    "n_samples": 768,
    "end_mae_deg": 1.3067122371466655,
    "first_mae_deg": 1.2643772759569363,
    "chunk_mae_deg": 1.2458104897348807,
    "per_joint_end_deg": [
      0.9231053035578195,
      0.8586165405227705,
      1.571186077535014,
      1.8538534518659129,
      1.2556854107671964,
      1.377826638631279
    ],
    "per_joint_first_deg": [
      0.8730162390076216,
      0.7368367238882028,
      1.941238439674832,
      1.5559625064849287,
      1.2930281682717675,
      1.1861815784142655
    ],
    "step_curve_deg": [
      1.2643772759569363,
      1.2430315916917924,
      1.224652061415022,
      1.2143810063565676,
      1.2155829068070694,
      1.2207217831639994,
      1.2383189447312573,
      1.255826316921711,
      1.2745007731577853,
      1.3067122371466655
    ],
    "step_perjoint_deg": [
      [
        0.8730162390076216,
        0.7368367238882028,
        1.941238439674832,
        1.5559625064849287,
        1.2930281682717675,
        1.1861815784142655
      ],
      [
        0.8725905694398697,
        0.7341046237631401,
        1.8841627587299918,
        1.5419209055137886,
        1.2720198865410346,
        1.1533908061629305
      ],
      [
        0.8731816618942222,
        0.7327905354986378,
        1.832342157964482,
        1.5293867500844978,
        1.2379934771398269,
        1.1422177859084648
      ],
      [
        0.8667641328477406,
        0.7395650009304927,
        1.7828743539297907,
        1.543359308572035,
        1.2252114323344379,
        1.1285118095249091
      ],
      [
        0.8772655393385103,
        0.7517390899753154,
        1.7397840689448798,
        1.5746856142149765,
        1.211297649974141,
        1.1387254783945937
      ],
      [
        0.885646463978907,
        0.7653945518909261,
        1.699291912770374,
        1.6111119883359357,
        1.204895519898491,
        1.1579902621093625
      ],
      [
        0.8967506768315039,
        0.7859976252008622,
        1.6619411967169313,
        1.664299060060297,
        1.2070049744648605,
        1.213920135113089
      ],
      [
        0.901789191601435,
        0.8091531860050309,
        1.6325487549491975,
        1.7159553243632173,
        1.2219813464965104,
        1.2535300981148745
      ],
      [
        0.903279254327746,
        0.8321529909263493,
        1.5958129693644674,
        1.7775180947290288,
        1.2303678544110386,
        1.3078734751880818
      ],
      [
        0.9231053035578195,
        0.8586165405227705,
        1.571186077535014,
        1.8538534518659129,
        1.2556854107671964,
        1.377826638631279
      ]
    ],
    "acc_within_2": 0.9075520833333334,
    "acc_within_5": 0.9973958333333334,
    "acc_within_10": 1.0,
    "gripper_end_mae": 0.0099655264140767,
    "gripper_acc_0.1": 0.9895833333333334,
    "disp_r2_perjoint": [
      0.8256077495479794,
      0.9336029413615091,
      0.759143251881401,
      0.8921220424046988,
      0.86666419804807,
      0.8517474192140164
    ],
    "disp_pearson": 0.9395294164872934,
    "dir_sign_agree_perjoint": [
      0.8321167883211679,
      0.9732540861812778,
      0.8782742681047766,
      0.8636363636363636,
      0.8639240506329114,
      0.8782467532467533
    ],
    "dir_cosine_mean": 0.8387884139698651,
    "dir_cosine_median": 0.9338748479550424,
    "vel_pearson": 0.8419723336682976,
    "per_task": {
      "Pick up the hat and place it on the box": {
        "n": 84,
        "end_mae_deg": 1.5178799969790857,
        "acc_5": 1.0,
        "dir_cos": 0.8106708403584413
      },
      "Pick up the rubber duck and place it on the box": {
        "n": 24,
        "end_mae_deg": 1.4451421032467018,
        "acc_5": 1.0,
        "dir_cos": 0.7909106810148182
      },
      "Pick up the stuffed bear and place it on the box": {
        "n": 132,
        "end_mae_deg": 1.4227802853229854,
        "acc_5": 0.9924242424242424,
        "dir_cos": 0.872642438970933
      },
      "Picking up the bottle and placing it on the box": {
        "n": 528,
        "end_mae_deg": 1.237808087579244,
        "acc_5": 0.9981060606060606,
        "dir_cos": 0.8369322327181983
      }
    }
  },
  "ood": {
    "n_samples": 768,
    "end_mae_deg": 8.818981146498587,
    "first_mae_deg": 6.398546643212534,
    "chunk_mae_deg": 7.58986650778608,
    "per_joint_end_deg": [
      6.317954102383953,
      6.82950451191705,
      10.285796397314403,
      14.874634926439427,
      6.837134766479037,
      7.768862174457652
    ],
    "per_joint_first_deg": [
      4.846999083577771,
      3.5651966241080846,
      7.50954342372005,
      10.664273020352386,
      5.357239790101117,
      6.448027917415798
    ],
    "step_curve_deg": [
      6.398546643212534,
      6.6385802894907275,
      6.9083666513226465,
      7.170764316344156,
      7.432238557785671,
      7.708270783478409,
      7.985297150635241,
      8.27582850466973,
      8.561791034423083,
      8.818981146498587
    ],
    "step_perjoint_deg": [
      [
        4.846999083577771,
        3.5651966241080846,
        7.50954342372005,
        10.664273020352386,
        5.357239790101117,
        6.448027917415798
      ],
      [
        5.002452662948901,
        3.9164075207497517,
        7.825183300615426,
        10.987204959867299,
        5.515974116233045,
        6.584259176529947
      ],
      [
        5.180095492581285,
        4.300543670009005,
        8.161971117377922,
        11.394369560805243,
        5.676098947817553,
        6.737121119344873
      ],
      [
        5.344539629255593,
        4.678290988273507,
        8.484805435741988,
        11.814411629774447,
        5.8258860618654635,
        6.876652153153943
      ],
      [
        5.5006575970872005,
        5.042588858507919,
        8.785672167081474,
        12.268101647626713,
        5.982625551431347,
        7.0137855249793715
      ],
      [
        5.671987004049242,
        5.415736917455581,
        9.078035379605362,
        12.75137155962057,
        6.155157768488727,
        7.177336071650971
      ],
      [
        5.838265175559505,
        5.787422877083428,
        9.385693017633658,
        13.252137810249529,
        6.330693117115688,
        7.3175709061696415
      ],
      [
        6.007323623884858,
        6.146319588190748,
        9.703098393931146,
        13.807696307281466,
        6.515187864667287,
        7.475345250062876
      ],
      [
        6.176692889731153,
        6.512083563421915,
        10.021909317327465,
        14.362351204562572,
        6.677290062696939,
        7.6204191687984535
      ],
      [
        6.317954102383953,
        6.82950451191705,
        10.285796397314403,
        14.874634926439427,
        6.837134766479037,
        7.768862174457652
      ]
    ],
    "acc_within_2": 0.022135416666666668,
    "acc_within_5": 0.28125,
    "acc_within_10": 0.7174479166666666,
    "gripper_end_mae": 0.04090127491109522,
    "gripper_acc_0.1": 0.83984375,
    "disp_r2_perjoint": [
      -8.574528336839473,
      -2.7043505272024158,
      -9.601902814831792,
      -20.82864091594704,
      -4.204215768561628,
      -11.888089930148682
    ],
    "disp_pearson": 0.07908365272063667,
    "dir_sign_agree_perjoint": [
      0.46835443037974683,
      0.49421965317919075,
      0.4525316455696203,
      0.5232383808095952,
      0.5241264559068219,
      0.5368916797488226
    ],
    "dir_cosine_mean": -0.013065796564326175,
    "dir_cosine_median": -0.036520202573048256,
    "vel_pearson": 0.1618089159064551,
    "per_task": {
      "Picking up the bottle and placing it on the box": {
        "n": 420,
        "end_mae_deg": 9.169366897780488,
        "acc_5": 0.3523809523809524,
        "dir_cos": 0.1322602747331591
      },
      "Picking up the bottle off of the box and putting it on the desk": {
        "n": 348,
        "end_mae_deg": 8.39610179150319,
        "acc_5": 0.19540229885057472,