{
  "model": "gse_robust",
  "config": "pi05_farm_uf850_gse",
  "checkpoint": "/home/nhweiss/farm-train/openpi/checkpoints/pi05_farm_uf850_gse/farm_gse_robust_153/2999",
  "n_episodes": 6,
  "samples_per_episode": 8,
  "conditions": {
    "clean": {
      "joint_mae_rad": 0.023202781390864402,
      "joint_mae_deg": 1.3294214466612164,
      "grip_mae": 0.002065720738177864,
      "per_joint_mae_rad": [
        0.02308584935963154,
        0.017669033259153366,
        0.03814791515469551,
        0.029695743694901466,
        0.017377693206071854,
        0.0132404500618577
      ],
      "samples_joint_err_rad": [
        0.021250350400805473,
        0.018059352412819862,
        0.02535589598119259,
        0.03288092091679573,
        0.01843077503144741,
        0.02632824517786503,
        0.0213258508592844,
        0.013141998089849949,
        0.017909163609147072,
        0.03515205904841423,
        0.026699764654040337,
        0.01096196100115776,
        0.02974381111562252,
        0.02339143119752407,
        0.029132435098290443,
        0.008065852336585522,
        0.016820795834064484,
        0.029453931376338005,
        0.024072984233498573,
        0.014043260365724564,
        0.03405039384961128,
        0.021064922213554382,
        0.018333034589886665,
        0.021583424881100655,
        0.023214591667056084,
        0.022981146350502968,
        0.03169715031981468,
        0.023029088973999023,
        0.009132972918450832,
        0.02687978930771351,
        0.048574309796094894,
        0.0173047985881567,
        0.01763129234313965,
        0.030389240011572838,
        0.02762591280043125,
        0.030682193115353584,
        0.03577766194939613,
        0.02413235791027546,
        0.024107521399855614,
        0.01970321498811245,
        0.009815750643610954,
        0.016870899125933647,
        0.029184991493821144,
        0.020687971264123917,
        0.02110149711370468,
        0.017955292016267776,
        0.032967839390039444,
        0.015033408999443054
      ]
    },
    "bright": {
      "joint_mae_rad": 0.02207859248543779,
      "joint_mae_deg": 1.26501016700484,
      "grip_mae": 0.0028182569051296014,
      "per_joint_mae_rad": [
        0.020435623824596405,
        0.015261195600032806,
        0.035927701741456985,
        0.027126172557473183,
        0.019336046651005745,
        0.014384816400706768
      ],
      "samples_joint_err_rad": [
        0.016124511137604713,
        0.02084559202194214,
        0.0204125065356493,
        0.024231357499957085,
        0.017080141231417656,
        0.023621367290616035,
        0.019137265160679817,
        0.01286239456385374,
        0.016450680792331696,
        0.017337383702397346,
        0.019663454964756966,
        0.017241965979337692,
        0.02807370387017727,
        0.023457080125808716,
        0.018809789791703224,
        0.012126199901103973,
        0.010652621276676655,
        0.028184296563267708,
        0.02669275738298893,
        0.012609678320586681,
        0.03176162764430046,
        0.019424017518758774,
        0.01761346496641636,
        0.01790321059525013,
        0.01002506073564291,
        0.022251278162002563,
        0.029614733532071114,
        0.032360583543777466,
        0.014758010394871235,
        0.02448435313999653,
        0.04353421926498413,
        0.00971874501556158,
        0.018270237371325493,
        0.03429950773715973,
        0.03840494155883789,
        0.028683925047516823,
        0.041768040508031845,
        0.026492701843380928,
        0.024076566100120544,
        0.014781154692173004,
        0.00984857976436615,
        0.022657260298728943,
        0.02931610681116581,
        0.021076858043670654,
        0.023327121511101723,
        0.015830475836992264,
        0.0379340685904026,
        0.01394084095954895
      ]
    },
    "dark": {
      "joint_mae_rad": 0.02358590526273474,
      "joint_mae_deg": 1.3513728275500978,
      "grip_mae": 0.0021628487382940875,
      "per_joint_mae_rad": [
        0.022888878360390663,
        0.016246844083070755,
        0.035941556096076965,
        0.03199934959411621,
        0.021821195259690285,
        0.012617607600986958
      ],
      "samples_joint_err_rad": [
        0.012013737112283707,
        0.01844988577067852,
        0.023641830310225487,
        0.03416869416832924,
        0.023312607780098915,
        0.027126966044306755,
        0.01884262077510357,
        0.016418999060988426,
        0.016473477706313133,
        0.019257524982094765,
        0.025855736806988716,
        0.01869856007397175,
        0.022155040875077248,
        0.03265278413891792,
        0.028552090749144554,
        0.011440053582191467,
        0.019301526248455048,
        0.03425169736146927,
        0.0346783809363842,
        0.011004204861819744,
        0.030525805428624153,
        0.02587026357650757,
        0.01415020227432251,
        0.02152770571410656,
        0.027604475617408752,
        0.02301701344549656,
        0.037407901138067245,
        0.021854279562830925,
        0.020553888753056526,
        0.020759716629981995,
        0.0449029840528965,
        0.015293064527213573,
        0.0215106513351202,
        0.026516592130064964,
        0.02877475507557392,
        0.027085458859801292,
        0.0341784693300724,
        0.018582278862595558,
        0.021676385775208473,
        0.01801760494709015,
        0.021131103858351707,
        0.011847888119518757,
        0.032002635300159454,
        0.019502874463796616,
        0.016546647995710373,
        0.017746297642588615,
        0.04456501081585884,
        0.02067507803440094
      ]
    },
    "low_contrast": {
      "joint_mae_rad": 0.02321037438620503,
      "joint_mae_deg": 1.3298564932480967,
      "grip_mae": 0.0022702883598502885,
      "per_joint_mae_rad": [
        0.020380085334181786,
        0.016065584495663643,
        0.03630167245864868,
        0.03269241750240326,
        0.020122351124882698,
        0.013700132258236408
      ],
      "samples_joint_err_rad": [
        0.011379159055650234,
        0.016358323395252228,
        0.017458900809288025,
        0.03491959348320961,
        0.019890105351805687,
        0.013396463356912136,
        0.022884001955389977,
        0.016835419461131096,
        0.015670333057641983,
        0.02327757142484188,
        0.02206408977508545,
        0.017761044204235077,
        0.02734273485839367,
        0.024920182302594185,
        0.023581435903906822,
        0.01439123135060072,
        0.01875131018459797,
        0.02873202972114086,
        0.02820916473865509,
        0.026351390406489372,
        0.030597491189837456,
        0.026494791731238365,
        0.023378819227218628,
        0.01858903281390667,
        0.019797634333372116,
        0.01516405213624239,
        0.03218277171254158,
        0.02623639814555645,
        0.014891843311488628,
        0.02190209925174713,
        0.03721137344837189,
        0.01826976053416729,
        0.02660452388226986,
        0.030474862083792686,
        0.030763396993279457,
        0.026004387065768242,
        0.03156575560569763,
        0.022431915625929832,
        0.030141497030854225,
        0.023922421038150787,
        0.009635900147259235,
        0.00911275390535593,
        0.03640257939696312,
        0.0189205352216959,
        0.023758193477988243,
        0.017562322318553925,
        0.04062138497829437,
        0.02728498913347721
      ]
    },
    "hue_shift": {
      "joint_mae_rad": 0.022781929447470855,
      "joint_mae_deg": 1.3053084065048874,
      "grip_mae": 0.0024254831140145447,
      "per_joint_mae_rad": [
        0.022239329293370247,
        0.015229329466819763,
        0.03462883457541466,
        0.03321322798728943,
        0.017285391688346863,
        0.014095463789999485
      ],