{
  "model": "full",
  "config": "pi05_farm_uf850",
  "checkpoint": "/home/nhweiss/farm-train/openpi/checkpoints/pi05_farm_uf850/farm_uf850_pi05_113/19999",
  "n_episodes": 6,
  "samples_per_episode": 8,
  "conditions": {
    "clean": {
      "joint_mae_rad": 0.012661424203542992,
      "joint_mae_deg": 0.7254461694878033,
      "grip_mae": 0.00164388710202464,
      "per_joint_mae_rad": [
        0.014928337186574936,
        0.008473885245621204,
        0.019378188997507095,
        0.016681378707289696,
        0.010027628391981125,
        0.006479127332568169
      ],
      "samples_joint_err_rad": [
        0.011945887468755245,
        0.011236575432121754,
        0.007863671518862247,
        0.011546085588634014,
        0.01356197614222765,
        0.015171677805483341,
        0.011374381370842457,
        0.009614107199013233,
        0.008121526800096035,
        0.012470629066228867,
        0.02014065906405449,
        0.0145900659263134,
        0.009200382977724075,
        0.01513880118727684,
        0.016749383881688118,
        0.014772030524909496,
        0.011024032719433308,
        0.013114278204739094,
        0.011362258344888687,
        0.009493610821664333,
        0.006177497562021017,
        0.009610641747713089,
        0.009387260302901268,
        0.009013461880385876,
        0.010247226804494858,
        0.009962704963982105,
        0.01824885606765747,
        0.012892612256109715,
        0.009731541387736797,
        0.020469140261411667,
        0.020734945312142372,
        0.011335182003676891,
        0.014561648480594158,
        0.016657138243317604,
        0.013409283943474293,
        0.016361834481358528,
        0.013503802008926868,
        0.010691657662391663,
        0.011921845376491547,
        0.013664481230080128,
        0.009466665796935558,
        0.013007787056267262,
        0.011785607784986496,
        0.010950150899589062,
        0.009934994392096996,
        0.013985861092805862,
        0.01722966693341732,
        0.014312843792140484
      ]
    },
    "bright": {
      "joint_mae_rad": 0.01420073951400506,
      "joint_mae_deg": 0.8136424401171497,
      "grip_mae": 0.0017877832306112396,
      "per_joint_mae_rad": [
        0.0138870133087039,
        0.010339132510125637,
        0.021619578823447227,
        0.015853988006711006,
        0.014667801558971405,
        0.008836924098432064
      ],
      "samples_joint_err_rad": [
        0.01107052806764841,
        0.011683579534292221,
        0.013023058883845806,
        0.011222049593925476,
        0.013178517110645771,
        0.016153087839484215,
        0.009701929055154324,
        0.006748203653842211,
        0.005758137907832861,
        0.008075292222201824,
        0.01708637736737728,
        0.013379782438278198,
        0.010223076678812504,
        0.018350014463067055,
        0.018509557470679283,
        0.01770082861185074,
        0.011382050812244415,
        0.01262288261204958,
        0.015135449357330799,
        0.010251122526824474,
        0.0075971819460392,
        0.009644747711718082,
        0.012467201799154282,
        0.012718085199594498,
        0.009473451413214207,
        0.018829194828867912,
        0.016140006482601166,
        0.025341404601931572,
        0.018680930137634277,
        0.02637816220521927,
        0.01857226900756359,
        0.01090941857546568,
        0.013651669956743717,
        0.016420841217041016,
        0.01623443514108658,
        0.019675998017191887,
        0.014207248575985432,
        0.014886323362588882,
        0.01697789691388607,
        0.014707940630614758,
        0.007310029119253159,
        0.015969496220350266,
        0.00769517058506608,
        0.01625157706439495,
        0.012966438196599483,
        0.014569799415767193,
        0.02268635667860508,
        0.019416695460677147
      ]
    },
    "dark": {
      "joint_mae_rad": 0.012668145577966547,
      "joint_mae_deg": 0.7258312758748001,
      "grip_mae": 0.0015028805449522527,
      "per_joint_mae_rad": [
        0.01638866774737835,
        0.0072323414497077465,
        0.018107866868376732,
        0.016094399616122246,
        0.011481494642794132,
        0.006704104598611593
      ],
      "samples_joint_err_rad": [
        0.007585208397358656,
        0.01154529582709074,
        0.008688860572874546,
        0.01808793842792511,
        0.01638699322938919,
        0.01632850058376789,
        0.012078381143510342,
        0.01133518386632204,
        0.009967493824660778,
        0.01095018070191145,
        0.01464158296585083,
        0.01386930700391531,
        0.009213188663125038,
        0.018511751666665077,
        0.015571189112961292,
        0.013520141132175922,
        0.011968175880610943,
        0.012021522037684917,
        0.01427419763058424,
        0.010149755515158176,
        0.007635834161192179,
        0.008705973625183105,
        0.009987476281821728,
        0.008364836685359478,
        0.010248941369354725,
        0.011688313446938992,
        0.021473154425621033,
        0.01178063079714775,
        0.011832832358777523,
        0.01730397157371044,
        0.020323241129517555,
        0.008680220693349838,
        0.011938822455704212,
        0.01759328693151474,
        0.014154848642647266,
        0.01919403299689293,
        0.014264322817325592,
        0.007810264825820923,
        0.010429047048091888,
        0.011696331202983856,
        0.008793430402874947,
        0.009146086871623993,
        0.006287077907472849,
        0.00915630254894495,
        0.009145976044237614,
        0.011960064060986042,
        0.025188127532601357,
        0.016592690721154213
      ]
    },
    "low_contrast": {
      "joint_mae_rad": 0.014297800468436131,
      "joint_mae_deg": 0.8192036231615617,
      "grip_mae": 0.0016023532024102376,
      "per_joint_mae_rad": [
        0.014578111469745636,
        0.00852618645876646,
        0.02114482782781124,
        0.020187586545944214,
        0.014538799412548542,
        0.006811289582401514
      ],
      "samples_joint_err_rad": [
        0.011288176290690899,
        0.011217526160180569,
        0.008442065678536892,
        0.0165216326713562,
        0.016696060076355934,
        0.01451344694942236,
        0.012104862369596958,
        0.011165258474647999,
        0.01385361049324274,
        0.011522237211465836,
        0.01625990681350231,
        0.017075056210160255,
        0.007985332980751991,
        0.01719941571354866,
        0.01346160750836134,
        0.015082746744155884,
        0.013584241271018982,
        0.011343332938849926,
        0.011741400696337223,
        0.013815846294164658,
        0.009758261032402515,
        0.012641259469091892,
        0.013217425905168056,
        0.009123711846768856,
        0.010278544388711452,
        0.014217560179531574,
        0.020700113847851753,
        0.01567154936492443,
        0.010490397922694683,
        0.02027270197868347,
        0.021840542554855347,
        0.01080408226698637,
        0.012274228036403656,
        0.017409376800060272,
        0.015145692974328995,
        0.020565243437886238,
        0.020467275753617287,
        0.016989072784781456,
        0.01743396557867527,
        0.01784490793943405,
        0.011117304675281048,
        0.01326203253120184,
        0.012313245795667171,
        0.013513839803636074,
        0.010862489230930805,
        0.016854673624038696,
        0.020942434668540955,
        0.015408724546432495
      ]
    },
    "hue_shift": {
      "joint_mae_rad": 0.012149749993113801,
      "joint_mae_deg": 0.6961293967445218,
      "grip_mae": 0.0018385155702465756,
      "per_joint_mae_rad": [
        0.01453332882374525,
        0.007224538829177618,
        0.018754199147224426,
        0.015353222377598286,
        0.010250323452055454,
        0.006782886106520891
      ],