{
  "model": "gse_prompt",
  "config": "pi05_farm_uf850_gse",
  "checkpoint": "/home/nhweiss/farm-train/openpi/checkpoints/pi05_farm_uf850_gse/farm_gse_promptonly_153/2999",
  "n_episodes": 6,
  "samples_per_episode": 8,
  "conditions": {
    "clean": {
      "joint_mae_rad": 0.018261316407006234,
      "joint_mae_deg": 1.0462963584744618,
      "grip_mae": 0.002127139373016007,
      "per_joint_mae_rad": [
        0.01515122503042221,
        0.015379897318780422,
        0.025058522820472717,
        0.025701045989990234,
        0.017061419785022736,
        0.011215788312256336
      ],
      "samples_joint_err_rad": [
        0.014872527681291103,
        0.011251471936702728,
        0.01955450512468815,
        0.020132198929786682,
        0.01796114258468151,
        0.024407343938946724,
        0.025178775191307068,
        0.011734412051737309,
        0.017373939976096153,
        0.023508094251155853,
        0.02258632890880108,
        0.01747109182178974,
        0.018831169232726097,
        0.018428627401590347,
        0.023018771782517433,
        0.006062045693397522,
        0.010410790331661701,
        0.01618591509759426,
        0.010175934992730618,
        0.013361108489334583,
        0.023969357833266258,
        0.008721555583178997,
        0.015485878102481365,
        0.01671288162469864,
        0.016280582174658775,
        0.018864275887608528,
        0.025209449231624603,
        0.017819715663790703,
        0.011911737732589245,
        0.03084278292953968,
        0.033942367881536484,
        0.016574300825595856,
        0.004999414086341858,
        0.018548661842942238,
        0.02219737507402897,
        0.011772592552006245,
        0.02945457585155964,
        0.023057743906974792,
        0.02999488078057766,
        0.020820252597332,
        0.01137591153383255,
        0.021665284410119057,
        0.017377516254782677,
        0.019345588982105255,
        0.014019331894814968,
        0.010451089590787888,
        0.028099821880459785,
        0.014522065408527851
      ]
    },
    "bright": {
      "joint_mae_rad": 0.02231032366398722,
      "joint_mae_deg": 1.2782873855173147,
      "grip_mae": 0.002609260370964724,
      "per_joint_mae_rad": [
        0.01417058240622282,
        0.016613280400633812,
        0.030260687693953514,
        0.03188374266028404,
        0.02548733353614807,
        0.015446317382156849
      ],
      "samples_joint_err_rad": [
        0.013750017620623112,
        0.01725064031779766,
        0.019378723576664925,
        0.019364703446626663,
        0.013354092836380005,
        0.031940679997205734,
        0.023225093260407448,
        0.012155302800238132,
        0.018957260996103287,
        0.01506716012954712,
        0.021160654723644257,
        0.028854096308350563,
        0.028477683663368225,
        0.026248062029480934,
        0.030075041577219963,
        0.014531674794852734,
        0.010570886544883251,
        0.012994457967579365,
        0.015806593000888824,
        0.013554577715694904,
        0.027442142367362976,
        0.013066143728792667,
        0.011366772465407848,
        0.012860880233347416,
        0.011625980027019978,
        0.021750470623373985,
        0.022476503625512123,
        0.035038117319345474,
        0.025780895724892616,
        0.03931409493088722,
        0.03428594768047333,
        0.010252720676362514,
        0.013437922112643719,
        0.02186259813606739,
        0.0325029194355011,
        0.020676327869296074,
        0.04283967986702919,
        0.03666210174560547,
        0.026457898318767548,
        0.022763242945075035,
        0.017308570444583893,
        0.029458368197083473,
        0.01922949217259884,
        0.02332361973822117,
        0.022042011842131615,
        0.014972515404224396,
        0.04394727945327759,
        0.03143291547894478
      ]
    },
    "dark": {
      "joint_mae_rad": 0.018671244664195303,
      "joint_mae_deg": 1.069783517514549,
      "grip_mae": 0.0019647173244266014,
      "per_joint_mae_rad": [
        0.015457185916602612,
        0.013841629028320312,
        0.025109678506851196,
        0.02631230093538761,
        0.019359814003109932,
        0.01194685697555542
      ],
      "samples_joint_err_rad": [
        0.008902141824364662,
        0.015125603415071964,
        0.02023572102189064,
        0.022656535729765892,
        0.020327948033809662,
        0.02810932882130146,
        0.024577638134360313,
        0.01624186895787716,
        0.015158803202211857,
        0.021472541615366936,
        0.02232753299176693,
        0.016386281698942184,
        0.012724891304969788,
        0.02143513597548008,
        0.015393058769404888,
        0.009300239384174347,
        0.00963427871465683,
        0.018329432234168053,
        0.01678103767335415,
        0.0071826837956905365,
        0.019311290234327316,
        0.010689112357795238,
        0.014253717847168446,
        0.012423080392181873,
        0.01802891679108143,
        0.018307268619537354,
        0.03153161332011223,
        0.01386310812085867,
        0.020107997581362724,
        0.024184932932257652,
        0.021932030096650124,
        0.009814182296395302,
        0.007064407225698233,
        0.023152997717261314,
        0.024863362312316895,
        0.009061299264431,
        0.03410416841506958,
        0.016578342765569687,
        0.030744751915335655,
        0.019195880740880966,
        0.026702826842665672,
        0.01845058985054493,
        0.023669088259339333,
        0.02110915444791317,
        0.009276623837649822,
        0.012493410147726536,
        0.0432012639939785,
        0.01980162225663662
      ]
    },
    "low_contrast": {
      "joint_mae_rad": 0.021717627455169957,
      "joint_mae_deg": 1.244328394218681,
      "grip_mae": 0.0023603587031099473,
      "per_joint_mae_rad": [
        0.015299162827432156,
        0.01699381321668625,
        0.025562889873981476,
        0.03831758350133896,
        0.02126859873533249,
        0.012863715179264545
      ],
      "samples_joint_err_rad": [
        0.013336642645299435,
        0.015916800126433372,
        0.01745656691491604,
        0.020991146564483643,
        0.018360711634159088,
        0.021792985498905182,
        0.02909337542951107,
        0.016045305877923965,
        0.01887582801282406,
        0.02539166808128357,
        0.016315964981913567,
        0.02287355624139309,
        0.022045359015464783,
        0.01943531259894371,
        0.021674200892448425,
        0.020803943276405334,
        0.01877507008612156,
        0.018737969920039177,
        0.012437744997441769,
        0.02674235962331295,
        0.02196650020778179,
        0.00882843416184187,
        0.015831394121050835,
        0.015470159240067005,
        0.01873147301375866,
        0.015434149652719498,
        0.027804246172308922,
        0.024134522303938866,
        0.018627239391207695,
        0.03065771423280239,
        0.02776186726987362,
        0.017384791746735573,
        0.0152806481346488,
        0.02687886171042919,
        0.027672452852129936,
        0.013520446605980396,
        0.03775494918227196,
        0.02055721916258335,
        0.038670122623443604,
        0.032189253717660904,
        0.018392493948340416,
        0.026824014261364937,
        0.023258382454514503,
        0.02095385454595089,
        0.02124047838151455,
        0.014921884983778,
        0.04464966431260109,
        0.01994638703763485
      ]
    },
    "hue_shift": {
      "joint_mae_rad": 0.01781411772632661,
      "joint_mae_deg": 1.0206737614677008,
      "grip_mae": 0.002422011178997726,
      "per_joint_mae_rad": [
        0.01588115096092224,
        0.012964114546775818,
        0.02239564061164856,
        0.025972304865717888,
        0.01796921156346798,
        0.011702285148203373
      ],