{
  "model": "gse",
  "config": "pi05_farm_uf850_gse",
  "checkpoint": "/home/nhweiss/farm-train/openpi/checkpoints/pi05_farm_uf850_gse/farm_uf850_pi05_gse_132/2999",
  "n_episodes": 6,
  "samples_per_episode": 8,
  "conditions": {
    "clean": {
      "joint_mae_rad": 0.017657019741212327,
      "joint_mae_deg": 1.0116727099506433,
      "grip_mae": 0.002233579606695457,
      "per_joint_mae_rad": [
        0.01223072037100792,
        0.013904809020459652,
        0.025650037452578545,
        0.02584928460419178,
        0.015172753483057022,
        0.01313451211899519
      ],
      "samples_joint_err_rad": [
        0.014867745339870453,
        0.011775120161473751,
        0.01737106405198574,
        0.018139922991394997,
        0.017711937427520752,
        0.01372987125068903,
        0.018682343885302544,
        0.011299803853034973,
        0.0117550790309906,
        0.0188098456710577,
        0.02554943971335888,
        0.018759526312351227,
        0.023968467488884926,
        0.018208704888820648,
        0.01850099302828312,
        0.009065027348697186,
        0.011860266327857971,
        0.013835613615810871,
        0.01261977944523096,
        0.01312429178506136,
        0.022527918219566345,
        0.008103116415441036,
        0.01573319174349308,
        0.01893988437950611,
        0.019010383635759354,
        0.028695225715637207,
        0.018709726631641388,
        0.016247855499386787,
        0.014230155386030674,
        0.03095252811908722,
        0.03956097364425659,
        0.011447041295468807,
        0.01790773868560791,
        0.023467732593417168,
        0.02041943185031414,
        0.010978194884955883,
        0.01894264481961727,
        0.021200349554419518,
        0.022131038829684258,
        0.02099110372364521,
        0.008375090546905994,
        0.01657317392528057,
        0.02165737934410572,
        0.01779390685260296,
        0.012503906153142452,
        0.013674282468855381,
        0.02502301149070263,
        0.012105117551982403
      ]
    },
    "bright": {
      "joint_mae_rad": 0.02064963069278747,
      "joint_mae_deg": 1.1831366872005282,
      "grip_mae": 0.0028130725648907173,
      "per_joint_mae_rad": [
        0.012321971356868744,
        0.014486950822174549,
        0.027529576793313026,
        0.031192133203148842,
        0.022274544462561607,
        0.016092605888843536
      ],
      "samples_joint_err_rad": [
        0.011821690015494823,
        0.013197999447584152,
        0.010888016782701015,
        0.018092738464474678,
        0.022836176678538322,
        0.020357592031359673,
        0.019200356677174568,
        0.011738714762032032,
        0.015054382383823395,
        0.01539779081940651,
        0.0227334126830101,
        0.02703978307545185,
        0.027967846021056175,
        0.02719304896891117,
        0.027602294459939003,
        0.01942131668329239,
        0.009699809364974499,
        0.015702584758400917,
        0.024431392550468445,
        0.008957087062299252,
        0.023788459599018097,
        0.013400225900113583,
        0.01712421327829361,
        0.020104413852095604,
        0.014725595712661743,
        0.028499193489551544,
        0.018026161938905716,
        0.02583097666501999,
        0.0263227429240942,
        0.032531268894672394,
        0.03507101163268089,
        0.006497161462903023,
        0.016736915335059166,
        0.025903835892677307,
        0.027169188484549522,
        0.018501827493309975,
        0.03384019061923027,
        0.03006918542087078,
        0.02372807078063488,
        0.02203875035047531,
        0.009149882011115551,
        0.022222118452191353,
        0.0228597279638052,
        0.02004961110651493,
        0.01598227582871914,
        0.011203308589756489,
        0.04094056412577629,
        0.019531361758708954
      ]
    },
    "dark": {
      "joint_mae_rad": 0.018661108197799574,
      "joint_mae_deg": 1.0692027407708975,
      "grip_mae": 0.002095984845463287,
      "per_joint_mae_rad": [
        0.01197554636746645,
        0.013294465839862823,
        0.026740850880742073,
        0.02805708348751068,
        0.018359089270234108,
        0.013539613224565983
      ],
      "samples_joint_err_rad": [
        0.011746503412723541,
        0.012580974958837032,
        0.019197985529899597,
        0.02445206604897976,
        0.02444116212427616,
        0.0223598163574934,
        0.020712334662675858,
        0.01214741449803114,
        0.013266020454466343,
        0.02094441093504429,
        0.023733876645565033,
        0.01970495469868183,
        0.018656978383660316,
        0.02252466417849064,
        0.013551575131714344,
        0.012412764132022858,
        0.013882000930607319,
        0.017879465594887733,
        0.02099510468542576,
        0.010141969658434391,
        0.018439853563904762,
        0.009142101742327213,
        0.011895451694726944,
        0.014744083397090435,
        0.01444818452000618,
        0.027591543272137642,
        0.02469608373939991,
        0.013779419474303722,
        0.016732987016439438,
        0.02001258358359337,
        0.029106056317687035,
        0.01047629863023758,
        0.01826854981482029,
        0.02959447354078293,
        0.025821343064308167,
        0.014418723993003368,
        0.023226967081427574,
        0.01778317242860794,
        0.024145454168319702,
        0.018712403252720833,
        0.020487291738390923,
        0.013182868249714375,
        0.029021523892879486,
        0.013699516654014587,
        0.01045244187116623,
        0.01563897915184498,
        0.03775393217802048,
        0.01712886244058609
      ]
    },
    "low_contrast": {
      "joint_mae_rad": 0.02029284375021234,
      "joint_mae_deg": 1.162694301205597,
      "grip_mae": 0.0022891624971634883,
      "per_joint_mae_rad": [
        0.015139512717723846,
        0.014129482209682465,
        0.027269652113318443,
        0.033413566648960114,
        0.018567724153399467,
        0.013237126171588898
      ],
      "samples_joint_err_rad": [
        0.005577931180596352,
        0.009705395437777042,
        0.011339753866195679,
        0.01991317607462406,
        0.022562889382243156,
        0.017325714230537415,
        0.023329293355345726,
        0.01436063926666975,
        0.013729143887758255,
        0.017926758155226707,
        0.02041356824338436,
        0.022505851462483406,
        0.020758939906954765,
        0.019528912380337715,
        0.022026292979717255,
        0.019477399066090584,
        0.02104346640408039,
        0.013716571033000946,
        0.022279301658272743,
        0.01632973738014698,
        0.017697645351290703,
        0.008306150324642658,
        0.014703824184834957,
        0.01839279569685459,
        0.019415346905589104,
        0.019378848373889923,
        0.024376625195145607,
        0.015855832025408745,
        0.013149294070899487,
        0.024183636531233788,
        0.03527163714170456,
        0.018587348982691765,
        0.025768155232071877,
        0.03461729362607002,
        0.03137706592679024,
        0.013596459291875362,
        0.03125997632741928,
        0.02518480084836483,
        0.029368603602051735,
        0.02922418899834156,
        0.012415889650583267,
        0.01514106523245573,
        0.0317995585501194,
        0.01951596699655056,
        0.02189546264708042,
        0.014885388314723969,
        0.03917486593127251,
        0.015662038698792458
      ]
    },
    "hue_shift": {
      "joint_mae_rad": 0.016407712605238583,
      "joint_mae_deg": 0.9400926837437714,
      "grip_mae": 0.0025275888903403634,
      "per_joint_mae_rad": [
        0.012527580372989178,
        0.012080483138561249,
        0.022549210116267204,
        0.025152480229735374,
        0.014948693104088306,
        0.011187831871211529
      ],