{
  "model": "gse_aug",
  "config": "pi05_farm_uf850_gse",
  "checkpoint": "/home/nhweiss/farm-train/openpi/checkpoints/pi05_farm_uf850_gse/farm_gse_augonly_153/2999",
  "n_episodes": 6,
  "samples_per_episode": 8,
  "conditions": {
    "clean": {
      "joint_mae_rad": 0.02262179021878789,
      "joint_mae_deg": 1.2961331045668734,
      "grip_mae": 0.0022858547498003645,
      "per_joint_mae_rad": [
        0.022709833458065987,
        0.015978733077645302,
        0.03697832301259041,
        0.026204710826277733,
        0.018137400969862938,
        0.015721742063760757
      ],
      "samples_joint_err_rad": [
        0.022956041619181633,
        0.020744701847434044,
        0.027032746002078056,
        0.028902148827910423,
        0.02055584453046322,
        0.02100360579788685,
        0.016677504405379295,
        0.010945345275104046,
        0.01686731167137623,
        0.02912873588502407,
        0.02779085375368595,
        0.013422439806163311,
        0.03794563189148903,
        0.02538902871310711,
        0.029769008979201317,
        0.012225511483848095,
        0.013903766870498657,
        0.030255258083343506,
        0.025233885273337364,
        0.013295778073370457,
        0.0235369261354208,
        0.016327889636158943,
        0.016638612374663353,
        0.02056957222521305,
        0.021290550008416176,
        0.0236013475805521,
        0.031521063297986984,
        0.02389826439321041,
        0.009589013643562794,
        0.030830109491944313,
        0.04891553893685341,
        0.020196164026856422,
        0.020678846165537834,
        0.02418663538992405,
        0.026825806125998497,
        0.024741657078266144,
        0.03156514838337898,
        0.022884204983711243,
        0.025805294513702393,
        0.018724123015999794,
        0.0077536869794130325,
        0.015021014027297497,
        0.034019146114587784,
        0.019483957439661026,
        0.022747335955500603,
        0.014340956695377827,
        0.031532589346170425,
        0.01457532774657011
      ]
    },
    "bright": {
      "joint_mae_rad": 0.021491653421738494,
      "joint_mae_deg": 1.23138103582351,
      "grip_mae": 0.00263344151653655,
      "per_joint_mae_rad": [
        0.021062815561890602,
        0.01398349180817604,
        0.031704675406217575,
        0.026897182688117027,
        0.019784865900874138,
        0.01551689114421606
      ],
      "samples_joint_err_rad": [
        0.017587145790457726,
        0.0225879717618227,
        0.021842002868652344,
        0.021293185651302338,
        0.016702448949217796,
        0.016589639708399773,
        0.01523832231760025,
        0.009287655353546143,
        0.016093911603093147,
        0.021614819765090942,
        0.022318029776215553,
        0.021836087107658386,
        0.03562229871749878,
        0.024570629000663757,
        0.017795687541365623,
        0.01311840396374464,
        0.010636570863425732,
        0.028412679210305214,
        0.020005790516734123,
        0.008209670893847942,
        0.02303432673215866,
        0.0156679917126894,
        0.014854182489216328,
        0.013258270919322968,
        0.008718566969037056,
        0.028403272852301598,
        0.02728170156478882,
        0.03290547803044319,
        0.013446570374071598,
        0.027104677632451057,
        0.04111592471599579,
        0.012295274995267391,
        0.01789643056690693,
        0.027401594445109367,
        0.036073919385671616,
        0.028123879805207253,
        0.03564386069774628,
        0.030936861410737038,
        0.025999123230576515,
        0.015020999126136303,
        0.012861634604632854,
        0.02207934856414795,
        0.02916259504854679,
        0.019438736140727997,
        0.025642380118370056,
        0.011369212530553341,
        0.03705046698451042,
        0.01744913123548031
      ]
    },
    "dark": {
      "joint_mae_rad": 0.022591520682908595,
      "joint_mae_deg": 1.2943987879131698,
      "grip_mae": 0.0021594334805665008,
      "per_joint_mae_rad": [
        0.02208569459617138,
        0.0144572788849473,
        0.034106701612472534,
        0.030120516195893288,
        0.020057793706655502,
        0.01472113560885191
      ],
      "samples_joint_err_rad": [
        0.009237776510417461,
        0.01890459470450878,
        0.020455989986658096,
        0.032802168279886246,
        0.02657494693994522,
        0.02549118362367153,
        0.014374300837516785,
        0.013695734553039074,
        0.014072450809180737,
        0.021796131506562233,
        0.026629766449332237,
        0.014950119890272617,
        0.031487271189689636,
        0.036791831254959106,
        0.023659763857722282,
        0.00932562816888094,
        0.012635916471481323,
        0.02998403273522854,
        0.036106958985328674,
        0.009866150096058846,
        0.02294149436056614,
        0.01800578087568283,
        0.01318578701466322,
        0.01751585304737091,
        0.020605430006980896,
        0.022563839331269264,
        0.038440000265836716,
        0.019499313086271286,
        0.020369483157992363,
        0.023448333144187927,
        0.04119424521923065,
        0.019431404769420624,
        0.020731329917907715,
        0.024856992065906525,
        0.026981959119439125,
        0.025308461859822273,
        0.03478243574500084,
        0.016726519912481308,
        0.02545320987701416,
        0.016098933294415474,
        0.02259359322488308,
        0.009266636334359646,
        0.038591448217630386,
        0.018798725679516792,
        0.014392084442079067,
        0.019530117511749268,
        0.04316428303718567,
        0.02107258141040802
      ]
    },
    "low_contrast": {
      "joint_mae_rad": 0.02190304370985056,
      "joint_mae_deg": 1.2549519630650023,
      "grip_mae": 0.00218858558764623,
      "per_joint_mae_rad": [
        0.019256124272942543,
        0.015218797139823437,
        0.03462494537234306,
        0.026987284421920776,
        0.020223183557391167,
        0.015107926912605762
      ],
      "samples_joint_err_rad": [
        0.014963013119995594,
        0.018586046993732452,
        0.01570381037890911,
        0.03333331644535065,
        0.022592181339859962,
        0.009877358563244343,
        0.01888287253677845,
        0.011971783824265003,
        0.01433990802615881,
        0.019230419769883156,
        0.024080485105514526,
        0.017957767471671104,
        0.031990572810173035,
        0.026232624426484108,
        0.02564004249870777,
        0.015597470104694366,
        0.016028812155127525,
        0.02375216782093048,
        0.0287270899862051,
        0.014847710728645325,
        0.016543995589017868,
        0.01339801773428917,
        0.022183319553732872,
        0.014637847431004047,
        0.016633301973342896,
        0.016523733735084534,
        0.03323681652545929,
        0.02467440254986286,
        0.013588723726570606,
        0.023843800649046898,
        0.03287908434867859,
        0.02196003682911396,
        0.023672470822930336,
        0.031652841717004776,
        0.028499668464064598,
        0.022715581580996513,
        0.030299102887511253,
        0.01976786181330681,
        0.03549949452280998,
        0.025263221934437752,
        0.010410284623503685,
        0.007918763905763626,
        0.04274606704711914,
        0.020947733893990517,
        0.023220939561724663,
        0.012216984294354916,
        0.037044502794742584,
        0.02503204345703125
      ]
    },
    "hue_shift": {
      "joint_mae_rad": 0.021432801402018715,
      "joint_mae_deg": 1.2280090634777459,
      "grip_mae": 0.0025535997973141398,
      "per_joint_mae_rad": [
        0.020885368809103966,
        0.013761217705905437,
        0.03160702809691429,
        0.02857867442071438,
        0.01855119690299034,
        0.015213318169116974
      ],