{
  "model": "ood",
  "config": "pi05_farm_multiobject_gse",
  "checkpoint": "/home/nhweiss/farm-train/openpi/checkpoints/pi05_farm_multiobject_gse/farm_gse_multiobject_robust_190/5999",
  "repo_id": "NoahWeiss/farm_uf850_bottle",
  "split": "train",
  "metric": "open_loop_teacher_forced",
  "fps": 30.0,
  "n_episodes": 64,
  "n_samples": 768,
  "horizon": 10,
  "lookahead_ms": 333.3333333333333,
  "mid_window": [
    0.25,
    0.75
  ],
  "seed": 0,
  "headline": "TRAIN-SET single-shot prediction: horizon-end MAE 8.82\u00b0, within 5\u00b0: 28%; first-step MAE 6.40\u00b0",
  "end_of_horizon": {
    "overall_joint_mae_rad": 0.1539202630519867,
    "overall_joint_mae_deg": 8.818981170654297,
    "per_joint_mae_deg": [
      6.3179521560668945,
      6.8295063972473145,
      10.285799980163574,
      14.874638557434082,
      6.8371381759643555,
      7.76886510848999
    ],
    "gripper_mae": 0.04090127721428871,
    "accuracy_within_deg": {
      "2.0": 0.022135416666666668,
      "5.0": 0.28125,
      "10.0": 0.7174479166666666
    },
    "gripper_accuracy_within_0.1": 0.83984375
  },
  "horizon_step_curve_deg": [
    6.398547172546387,
    6.638583183288574,
    6.908367156982422,
    7.170763969421387,
    7.432234287261963,
    7.708270072937012,
    7.985297679901123,
    8.275833129882812,
    8.561793327331543,
    8.818986892700195
  ],
  "horizon_step_perjoint_deg": [
    [
      4.846993923187256,
      3.565196990966797,
      7.509545803070068,
      10.664274215698242,
      5.357239723205566,
      6.4480299949646
    ],
    [
      5.002452850341797,
      3.9164090156555176,
      7.825184345245361,
      10.987198829650879,
      5.515974044799805,
      6.584256172180176
    ],
    [
      5.180096626281738,
      4.300544738769531,
      8.16197395324707,
      11.394370079040527,
      5.6761016845703125,
      6.737118721008301
    ],
    [
      5.344540596008301,
      4.678290843963623,
      8.484806060791016,
      11.81441879272461,
      5.825883388519287,
      6.87664794921875
    ],
    [
      5.5006561279296875,
      5.042590141296387,
      8.78567123413086,
      12.268101692199707,
      5.982620716094971,
      7.013782978057861
    ],
    [
      5.671990394592285,
      5.415734767913818,
      9.078035354614258,
      12.751378059387207,
      6.15515661239624,
      7.177333831787109
    ],
    [
      5.838263034820557,
      5.787424087524414,
      9.385692596435547,
      13.252134323120117,
      6.330694198608398,
      7.317571640014648
    ],
    [
      6.007321834564209,
      6.146324157714844,
      9.70309829711914,
      13.807698249816895,
      6.515189170837402,
      7.475341796875
    ],
    [
      6.176691055297852,
      6.51207971572876,
      10.02191162109375,
      14.362359046936035,
      6.67728853225708,
      7.620417594909668
    ],
    [
      6.3179521560668945,
      6.8295063972473145,
      10.285799980163574,
      14.874638557434082,
      6.8371381759643555,
      7.76886510848999
    ]
  ],
  "context": {
    "first_step_mae_deg": 6.39854621887207,
    "chunk_mean_mae_deg": 7.5898661613464355
  },
  "per_task_end_mae_deg": {
    "Picking up the bottle and placing it on the box": 9.169366863176,
    "Picking up the bottle off of the box and putting it on the desk": 8.396101762397592
  },
  "per_task_acc_within_5deg": {
    "Picking up the bottle and placing it on the box": 0.3523809523809524,
    "Picking up the bottle off of the box and putting it on the desk": 0.19540229885057472
  },
  "rollouts": [
    {
      "idx": 0,
      "episode": 158,
      "task": "Picking up the bottle and placing it on the box",
      "n_frames": 700,
      "n_infer": 350,
      "stride": 2
    },
    {
      "idx": 1,
      "episode": 195,
      "task": "Picking up the bottle and placing it on the box",
      "n_frames": 700,
      "n_infer": 350,
      "stride": 2
    },
    {
      "idx": 2,
      "episode": 46,
      "task": "Picking up the bottle off of the box and putting it on the desk",
      "n_frames": 540,
      "n_infer": 270,
      "stride": 2
    },
    {
      "idx": 3,
      "episode": 106,
      "task": "Picking up the bottle off of the box and putting it on the desk",
      "n_frames": 484,
      "n_infer": 242,
      "stride": 2
    }
  ],
  "latency_ms": {
    "first_ms": 27651.459620101377,
    "median_ms": 355.5284778121859,
    "mean_ms": 376.1468034069618,
    "p90_ms": 804.0069190319628
  },
  "raw_npz": "eval-eh-ood-raw.npz"
}