{
  "model": "multiobject",
  "config": "pi05_farm_multiobject_gse",
  "checkpoint": "/home/nhweiss/farm-train/openpi/checkpoints/pi05_farm_multiobject_gse/farm_gse_multiobject_robust_190/5999",
  "repo_id": "NoahWeiss/farm_uf850_multiobject",
  "split": "train",
  "metric": "open_loop_teacher_forced",
  "fps": 30.0,
  "n_episodes": 64,
  "n_samples": 768,
  "horizon": 10,
  "lookahead_ms": 333.3333333333333,
  "mid_window": [
    0.25,
    0.75
  ],
  "seed": 0,
  "headline": "TRAIN-SET single-shot prediction: horizon-end MAE 1.31\u00b0, within 5\u00b0: 100%; first-step MAE 1.26\u00b0",
  "end_of_horizon": {
    "overall_joint_mae_rad": 0.022806430235505104,
    "overall_joint_mae_deg": 1.3067121505737305,
    "per_joint_mae_deg": [
      0.9231052398681641,
      0.8586166501045227,
      1.571186900138855,
      1.8538517951965332,
      1.2556849718093872,
      1.3778278827667236
    ],
    "gripper_mae": 0.00996552687138319,
    "accuracy_within_deg": {
      "2.0": 0.9075520833333334,
      "5.0": 0.9973958333333334,
      "10.0": 1.0
    },
    "gripper_accuracy_within_0.1": 0.9895833333333334
  },
  "horizon_step_curve_deg": [
    1.2643766403198242,
    1.2430320978164673,
    1.2246509790420532,
    1.2143802642822266,
    1.2155836820602417,
    1.220721960067749,
    1.2383183240890503,
    1.2558257579803467,
    1.2745007276535034,
    1.3067121505737305
  ],
  "horizon_step_perjoint_deg": [
    [
      0.873016357421875,
      0.7368364930152893,
      1.941237211227417,
      1.5559630393981934,
      1.2930268049240112,
      1.1861823797225952
    ],
    [
      0.8725900650024414,
      0.7341044545173645,
      1.8841643333435059,
      1.5419210195541382,
      1.2720197439193726,
      1.1533904075622559
    ],
    [
      0.8731818199157715,
      0.7327908277511597,
      1.8323431015014648,
      1.5293868780136108,
      1.2379933595657349,
      1.1422176361083984
    ],
    [
      0.8667643666267395,
      0.7395646572113037,
      1.7828738689422607,
      1.543359398841858,
      1.2252117395401,
      1.1285123825073242
    ],
    [
      0.8772649168968201,
      0.7517388463020325,
      1.7397836446762085,
      1.5746854543685913,
      1.2112972736358643,
      1.138725757598877
    ],
    [
      0.8856470584869385,
      0.7653949856758118,
      1.6992912292480469,
      1.611112117767334,
      1.204895257949829,
      1.1579909324645996
    ],
    [
      0.8967499136924744,
      0.7859974503517151,
      1.6619412899017334,
      1.6642990112304688,
      1.2070045471191406,
      1.2139204740524292
    ],
    [
      0.9017890691757202,
      0.8091532588005066,
      1.6325490474700928,
      1.715955138206482,
      1.2219817638397217,
      1.2535301446914673
    ],
    [
      0.9032791256904602,
      0.8321530222892761,
      1.5958138704299927,
      1.7775182723999023,
      1.2303688526153564,
      1.3078731298446655
    ],
    [
      0.9231052398681641,
      0.8586166501045227,
      1.571186900138855,
      1.8538517951965332,
      1.2556849718093872,
      1.3778278827667236
    ]
  ],
  "context": {
    "first_step_mae_deg": 1.264377236366272,
    "chunk_mean_mae_deg": 1.2458105087280273
  },
  "per_task_end_mae_deg": {
    "Picking up the bottle and placing it on the box": 1.2378080864280823,
    "Pick up the stuffed bear and place it on the box": 1.42278028379863,
    "Pick up the rubber duck and place it on the box": 1.4451421123254582,
    "Pick up the hat and place it on the box": 1.5178799987657214
  },
  "per_task_acc_within_5deg": {
    "Picking up the bottle and placing it on the box": 0.9981060606060606,
    "Pick up the stuffed bear and place it on the box": 0.9924242424242424,
    "Pick up the rubber duck and place it on the box": 1.0,
    "Pick up the hat and place it on the box": 1.0
  },
  "rollouts": [
    {
      "idx": 0,
      "episode": 273,
      "task": "Picking up the bottle and placing it on the box",
      "n_frames": 700,
      "n_infer": 350,
      "stride": 2
    },
    {
      "idx": 1,
      "episode": 215,
      "task": "Picking up the bottle and placing it on the box",
      "n_frames": 692,
      "n_infer": 346,
      "stride": 2
    },
    {
      "idx": 2,
      "episode": 335,
      "task": "Pick up the stuffed bear and place it on the box",
      "n_frames": 474,
      "n_infer": 237,
      "stride": 2
    },
    {
      "idx": 3,
      "episode": 323,
      "task": "Pick up the stuffed bear and place it on the box",
      "n_frames": 436,
      "n_infer": 218,
      "stride": 2
    },
    {
      "idx": 4,
      "episode": 380,
      "task": "Pick up the rubber duck and place it on the box",
      "n_frames": 700,
      "n_infer": 350,
      "stride": 2
    },
    {
      "idx": 5,
      "episode": 375,
      "task": "Pick up the rubber duck and place it on the box",
      "n_frames": 474,
      "n_infer": 237,
      "stride": 2
    },
    {
      "idx": 6,
      "episode": 387,
      "task": "Pick up the hat and place it on the box",
      "n_frames": 700,
      "n_infer": 350,
      "stride": 2
    },
    {
      "idx": 7,
      "episode": 400,
      "task": "Pick up the hat and place it on the box",
      "n_frames": 700,
      "n_infer": 350,
      "stride": 2
    }
  ],
  "latency_ms": {
    "first_ms": 19131.03238493204,
    "median_ms": 341.2284138612449,
    "mean_ms": 327.78982852735265,
    "p90_ms": 605.3361243568361
  },
  "raw_npz": "eval-train-endhorizon-raw.npz"
}