{
  "fit15_gse": {
    "n": 450,
    "end_mae": 0.5269104496255479,
    "first_mae": 0.55036197306499,
    "per_joint_end": [
      0.4143787294188151,
      0.4631170075738969,
      0.8125343035190441,
      0.6153142648184061,
      0.5236255016490583,
      0.33249289077406646
    ],
    "step_curve": [
      0.55036197306499,
      0.534820058694532,
      0.5297239365402188,
      0.5189083361595553,
      0.5072330150896722,
      0.504156423076018,
      0.49438344829047565,
      0.4912589235381631,
      0.5014398386120381,
      0.5269104496255479
    ],
    "acc2": 1.0,
    "acc5": 1.0,
    "acc10": 1.0,
    "grip_acc": 0.9955555555555555,
    "disp_r": 0.9839481374271908,
    "dir_cos": 0.9544543154841517,
    "vel_r": 0.9014940979802674
  },
  "gse_indist": {
    "n": 768,
    "end_mae": 0.5197712636630787,
    "first_mae": 0.5599608061757768,
    "per_joint_end": [
      0.4160589994435018,
      0.46443336906261096,
      0.7918736317189073,
      0.6187271586869227,
      0.5365115816413886,
      0.29102284142514123
    ],
    "step_curve": [
      0.5599608061757768,
      0.5402747545925786,
      0.5302752830476313,
      0.5199670963273263,
      0.5078237974411066,
      0.5010499988550215,
      0.4960554421837605,
      0.4948026947218847,
      0.5038966397813639,
      0.5197712636630787
    ],
    "acc2": 0.9986979166666666,
    "acc5": 1.0,
    "acc10": 1.0,
    "grip_acc": 0.9947916666666666,
    "disp_r": 0.9831325777711521,
    "dir_cos": 0.9587171211477603,
    "vel_r": 0.9032571936232373
  },
  "gse_heldout": {
    "n": 768,
    "end_mae": 8.620004585764242,
    "first_mae": 7.482164487878684,
    "per_joint_end": [
      4.398982513963414,
      4.428645539727024,
      7.63363528773662,
      21.141707518617647,
      7.24684611955317,
      6.870210534987579
    ],
    "step_curve": [
      7.482164487878684,
      7.578606396186564,
      7.685991755426833,
      7.804399262792021,
      7.934787685943244,
      8.070688059416579,
      8.207553189262754,
      8.353318766986833,
      8.494045945340114,
      8.620004585764242
    ],
    "acc2": 0.03515625,
    "acc5": 0.3385416666666667,
    "acc10": 0.796875,
    "grip_acc": 0.9231770833333334,
    "disp_r": 0.23635955741760586,
    "dir_cos": 0.35682717267173036,
    "vel_r": 0.4642527353618828
  },
  "base_heldout": {
    "n": 768,
    "end_mae": 11.339499572476939,
    "first_mae": 10.282061240092139,
    "per_joint_end": [
      6.4459575513959795,
      6.382984486779876,
      11.47079505255728,
      26.756584710108,
      9.170746715436044,
      7.809928918584456
    ],
    "step_curve": [
      10.282061240092139,
      10.39388334656239,
      10.496663760782559,
      10.614701995442445,
      10.742686699625697,
      10.86622299760002,
      10.989389060273735,
      11.122546635704374,
      11.241077659139616,
      11.339499572476939
    ],
    "acc2": 0.010416666666666666,
    "acc5": 0.19010416666666666,
    "acc10": 0.59375,
    "grip_acc": 0.8658854166666666,
    "disp_r": 0.22683845073463843,
    "dir_cos": 0.32110250333121904,
    "vel_r": 0.26118770760085774
  },
  "gsemodel_heldout_fit": {
    "n": 768,
    "end_mae": 1.3138401253938623,
    "first_mae": 1.2430569741259903,
    "per_joint_end": [
      0.9109029601981427,
      0.8551350983873012,
      1.6702067161234786,
      1.888934955005029,
      1.313429872730634,
      1.2444311499185883
    ],
    "step_curve": [
      1.2430569741259903,
      1.2269747766974606,
      1.21939754433905,
      1.216807454397893,
      1.2195301978348603,
      1.2248477946190244,
      1.2349594168690075,
      1.2566073570879361,
      1.2813610528596717,
      1.3138401253938623
    ],
    "acc2": 0.9075520833333334,
    "acc5": 1.0,
    "acc10": 1.0,
    "grip_acc": 0.9921875,
    "disp_r": 0.9337555397483391,
    "dir_cos": 0.8328808328795412,
    "vel_r": 0.8364739292501002
  }
}